2026-05-22 22:10:07 | schema-linking-baseline-qwen-lora | experiment | INFO | experiment.py:104 | Experiment schema-linking-baseline-qwen-lora created with Experiment ID: 1 and Metric Experiment ID: 73 at /home/duw003/rapidfireai/rapidfire_experiments/schema-linking-baseline-qwen-lora
2026-05-22 22:10:07 | schema-linking-baseline-qwen-lora | experiment | INFO | experiment.py:106 | Running RapidFire AI version 0.15.2
2026-05-22 22:17:06 | schema-linking-baseline-qwen-lora | schema-linking-baseline-qwen-lora | DEBUG | experiment_utils.py:271 | Reset experiment states and set current experiment task to idle
2026-05-22 22:17:06 | schema-linking-baseline-qwen-lora | experiment | INFO | experiment.py:104 | Experiment schema-linking-baseline-qwen-lora is currently running. Returning the same experiment object.
2026-05-22 22:17:06 | schema-linking-baseline-qwen-lora | experiment | INFO | experiment.py:106 | Running RapidFire AI version 0.15.2
2026-05-22 22:17:07 | schema-linking-baseline-qwen-lora | controller | DEBUG | controller.py:67 | Found 1 workers/GPUs.
2026-05-22 22:17:07 | schema-linking-baseline-qwen-lora | controller | INFO | metric_rfmetric_manager.py:55 | Initialized MLflowMetricLogger: rf_mlflow
2026-05-22 22:17:07 | schema-linking-baseline-qwen-lora | controller | DEBUG | controller.py:95 | Controller initialized
2026-05-22 22:17:07 | schema-linking-baseline-qwen-lora | controller | DEBUG | controller.py:594 | Set experiment task to Create Models.
2026-05-22 22:17:07 | schema-linking-baseline-qwen-lora | controller | DEBUG | controller.py:607 | Saved datasets to /home/duw003/rapidfireai/rapidfire_experiments/schema-linking-baseline-qwen-lora/datasets.dill
2026-05-22 22:17:07 | schema-linking-baseline-qwen-lora | controller | INFO | controller.py:613 | Set seed to 42
2026-05-22 22:17:07 | schema-linking-baseline-qwen-lora | controller | INFO | metric_rfmetric_manager.py:141 | Created MLflow run: 0f5f104d884a45e88977bedcd25262d5, 1
2026-05-22 22:17:08 | schema-linking-baseline-qwen-lora | controller | DEBUG | controller.py:200 | Populated MetricLogger with model config info for run 1.
2026-05-22 22:17:08 | schema-linking-baseline-qwen-lora | controller | INFO | metric_rfmetric_manager.py:141 | Created MLflow run: ff2d8fe53bd64b48b07e53d3634cee6e, 2
2026-05-22 22:17:08 | schema-linking-baseline-qwen-lora | controller | DEBUG | controller.py:200 | Populated MetricLogger with model config info for run 2.
2026-05-22 22:17:08 | schema-linking-baseline-qwen-lora | controller | INFO | metric_rfmetric_manager.py:141 | Created MLflow run: 29ebf8a19e4f49b1ac052c219ea008ec, 3
2026-05-22 22:17:08 | schema-linking-baseline-qwen-lora | controller | DEBUG | controller.py:200 | Populated MetricLogger with model config info for run 3.
2026-05-22 22:17:08 | schema-linking-baseline-qwen-lora | controller | INFO | metric_rfmetric_manager.py:141 | Created MLflow run: 9da6e06dceff49fcabb9d0aa91419990, 4
2026-05-22 22:17:08 | schema-linking-baseline-qwen-lora | controller | DEBUG | controller.py:200 | Populated MetricLogger with model config info for run 4.
2026-05-22 22:17:08 | schema-linking-baseline-qwen-lora | controller | INFO | metric_rfmetric_manager.py:141 | Created MLflow run: d374c60830e749cb8eb390d718c27a88, 5
2026-05-22 22:17:09 | schema-linking-baseline-qwen-lora | controller | DEBUG | controller.py:200 | Populated MetricLogger with model config info for run 5.
2026-05-22 22:17:09 | schema-linking-baseline-qwen-lora | controller | INFO | metric_rfmetric_manager.py:141 | Created MLflow run: affc8933363a4352887dc6fa2207c4b0, 6
2026-05-22 22:17:09 | schema-linking-baseline-qwen-lora | controller | DEBUG | controller.py:200 | Populated MetricLogger with model config info for run 6.
2026-05-22 22:17:09 | schema-linking-baseline-qwen-lora | controller | INFO | metric_rfmetric_manager.py:141 | Created MLflow run: 9760cf134c9f42b6b3ca579258bab5b7, 7
2026-05-22 22:17:09 | schema-linking-baseline-qwen-lora | controller | DEBUG | controller.py:200 | Populated MetricLogger with model config info for run 7.
2026-05-22 22:17:09 | schema-linking-baseline-qwen-lora | controller | INFO | metric_rfmetric_manager.py:141 | Created MLflow run: 71c9145461df45679472b9e014b61347, 8
2026-05-22 22:17:09 | schema-linking-baseline-qwen-lora | controller | DEBUG | controller.py:200 | Populated MetricLogger with model config info for run 8.
2026-05-22 22:17:09 | schema-linking-baseline-qwen-lora | controller | INFO | controller.py:220 | Created 8 runs - 
{   1: {   'additional_kwargs.generation_config.do_sample': False,
           'additional_kwargs.generation_config.max_new_tokens': 256,
           'additional_kwargs.generation_config.repetition_penalty': 1.02,
           'additional_kwargs.generation_config.temperature': None,
           'additional_kwargs.generation_config.top_p': None,
           'model_kwargs.device_map': 'auto',
           'model_kwargs.use_cache': False,
           'model_name': 'Qwen/Qwen2.5-0.5B-Instruct',
           'model_type': 'causal_lm',
           'peft_params.bias': 'none',
           'peft_params.lora_alpha': 16,
           'peft_params.lora_dropout': 0.05,
           'peft_params.r': 8,
           'peft_params.target_modules': ['q_proj', 'v_proj'],
           'tokenizer': None,
           'tokenizer_kwargs': None,
           'trainer_type': 'SFT',
           'training_args.bf16': True,
           'training_args.eval_steps': 25,
           'training_args.eval_strategy': 'steps',
           'training_args.gradient_accumulation_steps': 8,
           'training_args.learning_rate': 0.0002,
           'training_args.logging_steps': 5,
           'training_args.lr_scheduler_type': 'linear',
           'training_args.num_train_epochs': 4,
           'training_args.per_device_eval_batch_size': 4,
           'training_args.per_device_train_batch_size': 4,
           'training_args.save_steps': 25},
    2: {   'additional_kwargs.generation_config.do_sample': False,
           'additional_kwargs.generation_config.max_new_tokens': 256,
           'additional_kwargs.generation_config.repetition_penalty': 1.02,
           'additional_kwargs.generation_config.temperature': None,
           'additional_kwargs.generation_config.top_p': None,
           'model_kwargs.device_map': 'auto',
           'model_kwargs.use_cache': False,
           'model_name': 'Qwen/Qwen2.5-0.5B-Instruct',
           'model_type': 'causal_lm',
           'peft_params.bias': 'none',
           'peft_params.lora_alpha': 32,
           'peft_params.lora_dropout': 0.05,
           'peft_params.r': 16,
           'peft_params.target_modules': ['q_proj', 'k_proj', 'v_proj', 'o_proj'],
           'tokenizer': None,
           'tokenizer_kwargs': None,
           'trainer_type': 'SFT',
           'training_args.bf16': True,
           'training_args.eval_steps': 25,
           'training_args.eval_strategy': 'steps',
           'training_args.gradient_accumulation_steps': 8,
           'training_args.learning_rate': 0.0002,
           'training_args.logging_steps': 5,
           'training_args.lr_scheduler_type': 'linear',
           'training_args.num_train_epochs': 4,
           'training_args.per_device_eval_batch_size': 4,
           'training_args.per_device_train_batch_size': 4,
           'training_args.save_steps': 25},
    3: {   'additional_kwargs.generation_config.do_sample': False,
           'additional_kwargs.generation_config.max_new_tokens': 256,
           'additional_kwargs.generation_config.repetition_penalty': 1.02,
           'additional_kwargs.generation_config.temperature': None,
           'additional_kwargs.generation_config.top_p': None,
           'model_kwargs.device_map': 'auto',
           'model_kwargs.use_cache': False,
           'model_name': 'Qwen/Qwen2.5-0.5B-Instruct',
           'model_type': 'causal_lm',
           'peft_params.bias': 'none',
           'peft_params.lora_alpha': 16,
           'peft_params.lora_dropout': 0.05,
           'peft_params.r': 8,
           'peft_params.target_modules': ['q_proj', 'v_proj'],
           'tokenizer': None,
           'tokenizer_kwargs': None,
           'trainer_type': 'SFT',
           'training_args.bf16': True,
           'training_args.eval_steps': 25,
           'training_args.eval_strategy': 'steps',
           'training_args.gradient_accumulation_steps': 8,
           'training_args.learning_rate': 0.0005,
           'training_args.logging_steps': 5,
           'training_args.lr_scheduler_type': 'cosine',
           'training_args.num_train_epochs': 4,
           'training_args.per_device_eval_batch_size': 1,
           'training_args.per_device_train_batch_size': 1,
           'training_args.save_steps': 25},
    4: {   'additional_kwargs.generation_config.do_sample': False,
           'additional_kwargs.generation_config.max_new_tokens': 256,
           'additional_kwargs.generation_config.repetition_penalty': 1.02,
           'additional_kwargs.generation_config.temperature': None,
           'additional_kwargs.generation_config.top_p': None,
           'model_kwargs.device_map': 'auto',
           'model_kwargs.use_cache': False,
           'model_name': 'Qwen/Qwen2.5-0.5B-Instruct',
           'model_type': 'causal_lm',
           'peft_params.bias': 'none',
           'peft_params.lora_alpha': 32,
           'peft_params.lora_dropout': 0.05,
           'peft_params.r': 16,
           'peft_params.target_modules': ['q_proj', 'k_proj', 'v_proj', 'o_proj'],
           'tokenizer': None,
           'tokenizer_kwargs': None,
           'trainer_type': 'SFT',
           'training_args.bf16': True,
           'training_args.eval_steps': 25,
           'training_args.eval_strategy': 'steps',
           'training_args.gradient_accumulation_steps': 8,
           'training_args.learning_rate': 0.0005,
           'training_args.logging_steps': 5,
           'training_args.lr_scheduler_type': 'cosine',
           'training_args.num_train_epochs': 4,
           'training_args.per_device_eval_batch_size': 1,
           'training_args.per_device_train_batch_size': 1,
           'training_args.save_steps': 25},
    5: {   'additional_kwargs.generation_config.do_sample': False,
           'additional_kwargs.generation_config.max_new_tokens': 256,
           'additional_kwargs.generation_config.repetition_penalty': 1.02,
           'additional_kwargs.generation_config.temperature': None,
           'additional_kwargs.generation_config.top_p': None,
           'model_kwargs.device_map': 'auto',
           'model_kwargs.use_cache': False,
           'model_name': 'Qwen/Qwen2.5-1.5B-Instruct',
           'model_type': 'causal_lm',
           'peft_params.bias': 'none',
           'peft_params.lora_alpha': 16,
           'peft_params.lora_dropout': 0.05,
           'peft_params.r': 8,
           'peft_params.target_modules': ['q_proj', 'v_proj'],
           'tokenizer': None,
           'tokenizer_kwargs': None,
           'trainer_type': 'SFT',
           'training_args.bf16': True,
           'training_args.eval_steps': 25,
           'training_args.eval_strategy': 'steps',
           'training_args.gradient_accumulation_steps': 8,
           'training_args.learning_rate': 0.0001,
           'training_args.logging_steps': 5,
           'training_args.lr_scheduler_type': 'cosine',
           'training_args.num_train_epochs': 3,
           'training_args.per_device_eval_batch_size': 1,
           'training_args.per_device_train_batch_size': 1,
           'training_args.save_steps': 25},
    6: {   'additional_kwargs.generation_config.do_sample': False,
           'additional_kwargs.generation_config.max_new_tokens': 256,
           'additional_kwargs.generation_config.repetition_penalty': 1.02,
           'additional_kwargs.generation_config.temperature': None,
           'additional_kwargs.generation_config.top_p': None,
           'model_kwargs.device_map': 'auto',
           'model_kwargs.use_cache': False,
           'model_name': 'Qwen/Qwen2.5-1.5B-Instruct',
           'model_type': 'causal_lm',
           'peft_params.bias': 'none',
           'peft_params.lora_alpha': 32,
           'peft_params.lora_dropout': 0.05,
           'peft_params.r': 16,
           'peft_params.target_modules': ['q_proj', 'k_proj', 'v_proj', 'o_proj'],
           'tokenizer': None,
           'tokenizer_kwargs': None,
           'trainer_type': 'SFT',
           'training_args.bf16': True,
           'training_args.eval_steps': 25,
           'training_args.eval_strategy': 'steps',
           'training_args.gradient_accumulation_steps': 8,
           'training_args.learning_rate': 0.0001,
           'training_args.logging_steps': 5,
           'training_args.lr_scheduler_type': 'cosine',
           'training_args.num_train_epochs': 3,
           'training_args.per_device_eval_batch_size': 1,
           'training_args.per_device_train_batch_size': 1,
           'training_args.save_steps': 25},
    7: {   'additional_kwargs.generation_config.do_sample': False,
           'additional_kwargs.generation_config.max_new_tokens': 256,
           'additional_kwargs.generation_config.repetition_penalty': 1.02,
           'additional_kwargs.generation_config.temperature': None,
           'additional_kwargs.generation_config.top_p': None,
           'model_kwargs.device_map': 'auto',
           'model_kwargs.use_cache': False,
           'model_name': 'Qwen/Qwen2.5-1.5B-Instruct',
           'model_type': 'causal_lm',
           'peft_params.bias': 'none',
           'peft_params.lora_alpha': 16,
           'peft_params.lora_dropout': 0.05,
           'peft_params.r': 8,
           'peft_params.target_modules': ['q_proj', 'v_proj'],
           'tokenizer': None,
           'tokenizer_kwargs': None,
           'trainer_type': 'SFT',
           'training_args.bf16': True,
           'training_args.eval_steps': 25,
           'training_args.eval_strategy': 'steps',
           'training_args.gradient_accumulation_steps': 8,
           'training_args.learning_rate': 0.0002,
           'training_args.logging_steps': 5,
           'training_args.lr_scheduler_type': 'cosine',
           'training_args.num_train_epochs': 3,
           'training_args.per_device_eval_batch_size': 1,
           'training_args.per_device_train_batch_size': 1,
           'training_args.save_steps': 25},
    8: {   'additional_kwargs.generation_config.do_sample': False,
           'additional_kwargs.generation_config.max_new_tokens': 256,
           'additional_kwargs.generation_config.repetition_penalty': 1.02,
           'additional_kwargs.generation_config.temperature': None,
           'additional_kwargs.generation_config.top_p': None,
           'model_kwargs.device_map': 'auto',
           'model_kwargs.use_cache': False,
           'model_name': 'Qwen/Qwen2.5-1.5B-Instruct',
           'model_type': 'causal_lm',
           'peft_params.bias': 'none',
           'peft_params.lora_alpha': 32,
           'peft_params.lora_dropout': 0.05,
           'peft_params.r': 16,
           'peft_params.target_modules': ['q_proj', 'k_proj', 'v_proj', 'o_proj'],
           'tokenizer': None,
           'tokenizer_kwargs': None,
           'trainer_type': 'SFT',
           'training_args.bf16': True,
           'training_args.eval_steps': 25,
           'training_args.eval_strategy': 'steps',
           'training_args.gradient_accumulation_steps': 8,
           'training_args.learning_rate': 0.0002,
           'training_args.logging_steps': 5,
           'training_args.lr_scheduler_type': 'cosine',
           'training_args.num_train_epochs': 3,
           'training_args.per_device_eval_batch_size': 1,
           'training_args.per_device_train_batch_size': 1,
           'training_args.save_steps': 25}}
2026-05-22 22:17:09 | schema-linking-baseline-qwen-lora | controller | DEBUG | controller.py:223 | Got 8 runs for Initial.
2026-05-22 22:17:09 | schema-linking-baseline-qwen-lora | controller | DEBUG | controller.py:227 | Completed creating models.
2026-05-22 22:17:09 | schema-linking-baseline-qwen-lora | controller | DEBUG | controller.py:625 | Created models.
2026-05-22 22:17:09 | schema-linking-baseline-qwen-lora | controller | DEBUG | controller.py:631 | Set experiment task to Training and Validation.
2026-05-22 22:17:09 | schema-linking-baseline-qwen-lora | worker_manager | DEBUG | worker_manager.py:115 | Creating 1 worker processes...
2026-05-22 22:17:09 | schema-linking-baseline-qwen-lora | worker_manager | DEBUG | worker_manager.py:121 | Starting worker processes in process group 7079
2026-05-22 22:17:09 | schema-linking-baseline-qwen-lora | worker_manager | DEBUG | worker_manager.py:149 | Started Worker 0 with PID 8228
2026-05-22 22:17:09 | schema-linking-baseline-qwen-lora | worker_manager | INFO | worker_manager.py:156 | Started 1 worker processes successfully
2026-05-22 22:17:09 | schema-linking-baseline-qwen-lora | controller | DEBUG | controller.py:637 | Created 1 workers.
2026-05-22 22:17:09 | schema-linking-baseline-qwen-lora | controller | INFO | controller.py:659 | Starting Training and Validation
2026-05-22 22:17:10 | schema-linking-baseline-qwen-lora | controller | DEBUG | controller.py:886 | Scheduled run 5 on workers (0,) for chunk 0
2026-05-22 22:17:23 | schema-linking-baseline-qwen-lora | worker_0 | DEBUG | worker.py:157 | Worker 0 initialized with PID 8228
2026-05-22 22:17:23 | schema-linking-baseline-qwen-lora | worker_0 | INFO | metric_rfmetric_manager.py:55 | Initialized MLflowMetricLogger: rf_mlflow
2026-05-22 22:17:23 | schema-linking-baseline-qwen-lora | worker_0 | DEBUG | worker.py:192 | Loaded datasets
2026-05-22 22:17:23 | schema-linking-baseline-qwen-lora | worker_0 | DEBUG | worker.py:667 | Received task WorkerTask.TRAIN_VAL for run 5
2026-05-22 22:17:23 | schema-linking-baseline-qwen-lora | worker_0 | DEBUG | worker.py:205 | Received run_fit on worker for run 5 with chunk 0
2026-05-22 22:18:58 | schema-linking-baseline-qwen-lora | worker-0-shm | DEBUG | shm_manager.py:348 | Saved base_model for run Qwen/Qwen2.5-1.5B-Instruct
2026-05-22 22:18:58 | schema-linking-baseline-qwen-lora | worker_0 | ERROR | worker.py:524 | Error during training for run 5: name 'SYSTEM_PROMPT' is not defined
2026-05-22 22:18:59 | schema-linking-baseline-qwen-lora | worker_0 | ERROR | worker.py:683 | Error while running run_fit for run 5 and chunk 0: name 'SYSTEM_PROMPT' is not defined
Traceback (most recent call last):

  File "<string>", line 1, in <module>
  File "/opt/conda/envs/cse234/lib/python3.12/multiprocessing/spawn.py", line 122, in spawn_main
    exitcode = _main(fd, parent_sentinel)
               │     │   └ 3
               │     └ 125
               └ <function _main at 0x7fcfdc37ae80>
  File "/opt/conda/envs/cse234/lib/python3.12/multiprocessing/spawn.py", line 135, in _main
    return self._bootstrap(parent_sentinel)
           │    │          └ 3
           │    └ <function BaseProcess._bootstrap at 0x7fcfdc4651c0>
           └ <Process name='Process-2' parent=7079 started>
  File "/opt/conda/envs/cse234/lib/python3.12/multiprocessing/process.py", line 314, in _bootstrap
    self.run()
    │    └ <function BaseProcess.run at 0x7fcfdc464720>
    └ <Process name='Process-2' parent=7079 started>
  File "/opt/conda/envs/cse234/lib/python3.12/multiprocessing/process.py", line 108, in run
    self._target(*self._args, **self._kwargs)
    │    │        │    │        │    └ {}
    │    │        │    │        └ <Process name='Process-2' parent=7079 started>
    │    │        │    └ (0, <DictProxy object, typeid 'dict' at 0x7fcd6d288e00>, <AcquirerProxy object, typeid 'Lock' at 0x7fcd474aa8d0>, <Event at 0...
    │    │        └ <Process name='Process-2' parent=7079 started>
    │    └ <function worker_process_target at 0x7fcf90b72700>
    └ <Process name='Process-2' parent=7079 started>
  File "/opt/conda/envs/cse234/lib/python3.12/site-packages/rapidfireai/fit/utils/worker_manager.py", line 44, in worker_process_target
    worker.serve_forever()
    │      └ <function Worker.serve_forever at 0x7fcd4733c360>
    └ <rapidfireai.fit.backend.worker.Worker object at 0x7fcfdc35f470>
> File "/opt/conda/envs/cse234/lib/python3.12/site-packages/rapidfireai/fit/backend/worker.py", line 676, in serve_forever
    self.run_fit(
    │    └ <function Worker.run_fit at 0x7fcd4733c2c0>
    └ <rapidfireai.fit.backend.worker.Worker object at 0x7fcfdc35f470>
  File "/opt/conda/envs/cse234/lib/python3.12/site-packages/rapidfireai/fit/backend/worker.py", line 354, in run_fit
    trainer_instance, base_model_name = create_trainer_instance(
                                        └ <function create_trainer_instance at 0x7fcd6fb4c180>
  File "/opt/conda/envs/cse234/lib/python3.12/site-packages/rapidfireai/fit/ml/trainer.py", line 425, in create_trainer_instance
    _prepare_trainer_kwargs(
    └ <function _prepare_trainer_kwargs at 0x7fcd6d083e20>
  File "/opt/conda/envs/cse234/lib/python3.12/site-packages/rapidfireai/fit/ml/trainer.py", line 662, in _prepare_trainer_kwargs
    train_dataset = train_dataset.map(
                    │             └ <function Dataset.map at 0x7fcd727037e0>
                    └ Dataset({
                          features: ['question_id', 'db_id', 'question', 'gold_sql', 'schema_links'],
                          num_rows: 72
                      })
  File "/opt/conda/envs/cse234/lib/python3.12/site-packages/datasets/arrow_dataset.py", line 575, in wrapper
    out: Union["Dataset", "DatasetDict"] = func(self, *args, **kwargs)
         │                                 │    │      │       └ {}
         │                                 │    │      └ (<function formatting_function at 0x7fcd4733e8e0>,)
         │                                 │    └ Dataset({
         │                                 │          features: ['question_id', 'db_id', 'question', 'gold_sql', 'schema_links'],
         │                                 │          num_rows: 72
         │                                 │      })
         │                                 └ <function Dataset.map at 0x7fcd72703740>
         └ typing.Union
  File "/opt/conda/envs/cse234/lib/python3.12/site-packages/datasets/arrow_dataset.py", line 3633, in map
    for rank, done, content in Dataset._map_single(**unprocessed_kwargs):
        │     │     │          │       │             └ {'shard': Dataset({
        │     │     │          │       │                   features: ['question_id', 'db_id', 'question', 'gold_sql', 'schema_links'],
        │     │     │          │       │                   num_rows: 72
        │     │     │          │       │               }), 'fun...
        │     │     │          │       └ <staticmethod(<function Dataset._map_single at 0x7fcd72703880>)>
        │     │     │          └ <class 'datasets.arrow_dataset.Dataset'>
        │     │     └ 0
        │     └ False
        └ None
  File "/opt/conda/envs/cse234/lib/python3.12/site-packages/datasets/arrow_dataset.py", line 3973, in _map_single
    for i, example in iter_outputs(shard_iterable):
                      │            └ <enumerate object at 0x7fc90012bf10>
                      └ <function Dataset._map_single.<locals>.iter_outputs at 0x7fc90035a980>
  File "/opt/conda/envs/cse234/lib/python3.12/site-packages/datasets/arrow_dataset.py", line 3951, in iter_outputs
    yield i, apply_function(example, i, offset=offset)
          │  │              │        │         └ 0
          │  │              │        └ 0
          │  │              └ pyarrow.Table
          │  │                question_id: int64
          │  │                db_id: string
          │  │                question: string
          │  │                gold_sql: string
          │  │                schema_links: struct<ACC_EM_Chronic_Absentee...
          │  └ <function Dataset._map_single.<locals>.apply_function at 0x7fc90035ab60>
          └ 0
  File "/opt/conda/envs/cse234/lib/python3.12/site-packages/datasets/arrow_dataset.py", line 3872, in apply_function
    processed_inputs = function(*fn_args, *additional_args, **fn_kwargs)
                       │         │         │                  └ {}
                       │         │         └ ()
                       │         └ [{'question_id': 210, 'db_id': 'SBODemoUS-Service', 'question': "What is the renewal status of the contracts with the custome...
                       └ <function formatting_function at 0x7fcd4733e8e0>

  File "/tmp/ipykernel_7079/4266756885.py", line 4, in formatting_function

NameError: name 'SYSTEM_PROMPT' is not defined
2026-05-22 22:19:00 | schema-linking-baseline-qwen-lora | controller-shm | WARNING | shm_manager.py:492 | Model '5' not found in shared memory during delete
2026-05-22 22:19:00 | schema-linking-baseline-qwen-lora | controller | ERROR | controller.py:788 | Run 5 has failed: name 'SYSTEM_PROMPT' is not definedTraceback (most recent call last):
  File "/opt/conda/envs/cse234/lib/python3.12/site-packages/rapidfireai/fit/backend/worker.py", line 676, in serve_forever
    self.run_fit(
  File "/opt/conda/envs/cse234/lib/python3.12/site-packages/rapidfireai/fit/backend/worker.py", line 354, in run_fit
    trainer_instance, base_model_name = create_trainer_instance(
                                        ^^^^^^^^^^^^^^^^^^^^^^^^
  File "/opt/conda/envs/cse234/lib/python3.12/site-packages/rapidfireai/fit/ml/trainer.py", line 425, in create_trainer_instance
    _prepare_trainer_kwargs(
  File "/opt/conda/envs/cse234/lib/python3.12/site-packages/rapidfireai/fit/ml/trainer.py", line 662, in _prepare_trainer_kwargs
    train_dataset = train_dataset.map(
                    ^^^^^^^^^^^^^^^^^^
  File "/opt/conda/envs/cse234/lib/python3.12/site-packages/datasets/arrow_dataset.py", line 575, in wrapper
    out: Union["Dataset", "DatasetDict"] = func(self, *args, **kwargs)
                                           ^^^^^^^^^^^^^^^^^^^^^^^^^^^
  File "/opt/conda/envs/cse234/lib/python3.12/site-packages/datasets/arrow_dataset.py", line 3633, in map
    for rank, done, content in Dataset._map_single(**unprocessed_kwargs):
                               ^^^^^^^^^^^^^^^^^^^^^^^^^^^^^^^^^^^^^^^^^
  File "/opt/conda/envs/cse234/lib/python3.12/site-packages/datasets/arrow_dataset.py", line 3973, in _map_single
    for i, example in iter_outputs(shard_iterable):
                      ^^^^^^^^^^^^^^^^^^^^^^^^^^^^
  File "/opt/conda/envs/cse234/lib/python3.12/site-packages/datasets/arrow_dataset.py", line 3951, in iter_outputs
    yield i, apply_function(example, i, offset=offset)
             ^^^^^^^^^^^^^^^^^^^^^^^^^^^^^^^^^^^^^^^^^
  File "/opt/conda/envs/cse234/lib/python3.12/site-packages/datasets/arrow_dataset.py", line 3872, in apply_function
    processed_inputs = function(*fn_args, *additional_args, **fn_kwargs)
                       ^^^^^^^^^^^^^^^^^^^^^^^^^^^^^^^^^^^^^^^^^^^^^^^^^
  File "/tmp/ipykernel_7079/4266756885.py", line 4, in formatting_function
NameError: name 'SYSTEM_PROMPT' is not defined

2026-05-22 22:19:00 | schema-linking-baseline-qwen-lora | controller | DEBUG | controller.py:789 | Removed run 5 from scheduler
2026-05-22 22:19:00 | schema-linking-baseline-qwen-lora | controller | DEBUG | controller.py:886 | Scheduled run 2 on workers (0,) for chunk 0
2026-05-22 22:19:00 | schema-linking-baseline-qwen-lora | worker_0 | DEBUG | worker.py:667 | Received task WorkerTask.TRAIN_VAL for run 2
2026-05-22 22:19:00 | schema-linking-baseline-qwen-lora | worker_0 | DEBUG | worker.py:205 | Received run_fit on worker for run 2 with chunk 0
2026-05-22 22:20:04 | schema-linking-baseline-qwen-lora | worker-0-shm | DEBUG | shm_manager.py:348 | Saved base_model for run Qwen/Qwen2.5-0.5B-Instruct
2026-05-22 22:20:04 | schema-linking-baseline-qwen-lora | worker_0 | ERROR | worker.py:524 | Error during training for run 2: name 'SYSTEM_PROMPT' is not defined
2026-05-22 22:20:05 | schema-linking-baseline-qwen-lora | worker_0 | ERROR | worker.py:683 | Error while running run_fit for run 2 and chunk 0: name 'SYSTEM_PROMPT' is not defined
Traceback (most recent call last):

  File "<string>", line 1, in <module>
  File "/opt/conda/envs/cse234/lib/python3.12/multiprocessing/spawn.py", line 122, in spawn_main
    exitcode = _main(fd, parent_sentinel)
               │     │   └ 3
               │     └ 125
               └ <function _main at 0x7fcfdc37ae80>
  File "/opt/conda/envs/cse234/lib/python3.12/multiprocessing/spawn.py", line 135, in _main
    return self._bootstrap(parent_sentinel)
           │    │          └ 3
           │    └ <function BaseProcess._bootstrap at 0x7fcfdc4651c0>
           └ <Process name='Process-2' parent=7079 started>
  File "/opt/conda/envs/cse234/lib/python3.12/multiprocessing/process.py", line 314, in _bootstrap
    self.run()
    │    └ <function BaseProcess.run at 0x7fcfdc464720>
    └ <Process name='Process-2' parent=7079 started>
  File "/opt/conda/envs/cse234/lib/python3.12/multiprocessing/process.py", line 108, in run
    self._target(*self._args, **self._kwargs)
    │    │        │    │        │    └ {}
    │    │        │    │        └ <Process name='Process-2' parent=7079 started>
    │    │        │    └ (0, <DictProxy object, typeid 'dict' at 0x7fcd6d288e00>, <AcquirerProxy object, typeid 'Lock' at 0x7fcd474aa8d0>, <Event at 0...
    │    │        └ <Process name='Process-2' parent=7079 started>
    │    └ <function worker_process_target at 0x7fcf90b72700>
    └ <Process name='Process-2' parent=7079 started>
  File "/opt/conda/envs/cse234/lib/python3.12/site-packages/rapidfireai/fit/utils/worker_manager.py", line 44, in worker_process_target
    worker.serve_forever()
    │      └ <function Worker.serve_forever at 0x7fcd4733c360>
    └ <rapidfireai.fit.backend.worker.Worker object at 0x7fcfdc35f470>
> File "/opt/conda/envs/cse234/lib/python3.12/site-packages/rapidfireai/fit/backend/worker.py", line 676, in serve_forever
    self.run_fit(
    │    └ <function Worker.run_fit at 0x7fcd4733c2c0>
    └ <rapidfireai.fit.backend.worker.Worker object at 0x7fcfdc35f470>
  File "/opt/conda/envs/cse234/lib/python3.12/site-packages/rapidfireai/fit/backend/worker.py", line 354, in run_fit
    trainer_instance, base_model_name = create_trainer_instance(
                                        └ <function create_trainer_instance at 0x7fcd6fb4c180>
  File "/opt/conda/envs/cse234/lib/python3.12/site-packages/rapidfireai/fit/ml/trainer.py", line 425, in create_trainer_instance
    _prepare_trainer_kwargs(
    └ <function _prepare_trainer_kwargs at 0x7fcd6d083e20>
  File "/opt/conda/envs/cse234/lib/python3.12/site-packages/rapidfireai/fit/ml/trainer.py", line 662, in _prepare_trainer_kwargs
    train_dataset = train_dataset.map(
                    │             └ <function Dataset.map at 0x7fcd727037e0>
                    └ Dataset({
                          features: ['question_id', 'db_id', 'question', 'gold_sql', 'schema_links'],
                          num_rows: 64
                      })
  File "/opt/conda/envs/cse234/lib/python3.12/site-packages/datasets/arrow_dataset.py", line 575, in wrapper
    out: Union["Dataset", "DatasetDict"] = func(self, *args, **kwargs)
         │                                 │    │      │       └ {}
         │                                 │    │      └ (<function formatting_function at 0x7fc90017bb00>,)
         │                                 │    └ Dataset({
         │                                 │          features: ['question_id', 'db_id', 'question', 'gold_sql', 'schema_links'],
         │                                 │          num_rows: 64
         │                                 │      })
         │                                 └ <function Dataset.map at 0x7fcd72703740>
         └ typing.Union
  File "/opt/conda/envs/cse234/lib/python3.12/site-packages/datasets/arrow_dataset.py", line 3633, in map
    for rank, done, content in Dataset._map_single(**unprocessed_kwargs):
        │     │     │          │       │             └ {'shard': Dataset({
        │     │     │          │       │                   features: ['question_id', 'db_id', 'question', 'gold_sql', 'schema_links'],
        │     │     │          │       │                   num_rows: 64
        │     │     │          │       │               }), 'fun...
        │     │     │          │       └ <staticmethod(<function Dataset._map_single at 0x7fcd72703880>)>
        │     │     │          └ <class 'datasets.arrow_dataset.Dataset'>
        │     │     └ 0
        │     └ False
        └ None
  File "/opt/conda/envs/cse234/lib/python3.12/site-packages/datasets/arrow_dataset.py", line 3973, in _map_single
    for i, example in iter_outputs(shard_iterable):
                      │            └ <enumerate object at 0x7fcb180e68e0>
                      └ <function Dataset._map_single.<locals>.iter_outputs at 0x7fcb18137560>
  File "/opt/conda/envs/cse234/lib/python3.12/site-packages/datasets/arrow_dataset.py", line 3951, in iter_outputs
    yield i, apply_function(example, i, offset=offset)
          │  │              │        │         └ 0
          │  │              │        └ 0
          │  │              └ pyarrow.Table
          │  │                question_id: int64
          │  │                db_id: string
          │  │                question: string
          │  │                gold_sql: string
          │  │                schema_links: struct<ACC_EM_Chronic_Absentee...
          │  └ <function Dataset._map_single.<locals>.apply_function at 0x7fcb18137740>
          └ 0
  File "/opt/conda/envs/cse234/lib/python3.12/site-packages/datasets/arrow_dataset.py", line 3872, in apply_function
    processed_inputs = function(*fn_args, *additional_args, **fn_kwargs)
                       │         │         │                  └ {}
                       │         │         └ ()
                       │         └ [{'question_id': 210, 'db_id': 'SBODemoUS-Service', 'question': "What is the renewal status of the contracts with the custome...
                       └ <function formatting_function at 0x7fc90017bb00>

  File "/tmp/ipykernel_7079/4266756885.py", line 4, in formatting_function

NameError: name 'SYSTEM_PROMPT' is not defined
2026-05-22 22:20:06 | schema-linking-baseline-qwen-lora | controller-shm | WARNING | shm_manager.py:492 | Model '2' not found in shared memory during delete
2026-05-22 22:20:06 | schema-linking-baseline-qwen-lora | controller | ERROR | controller.py:788 | Run 2 has failed: name 'SYSTEM_PROMPT' is not definedTraceback (most recent call last):
  File "/opt/conda/envs/cse234/lib/python3.12/site-packages/rapidfireai/fit/backend/worker.py", line 676, in serve_forever
    self.run_fit(
  File "/opt/conda/envs/cse234/lib/python3.12/site-packages/rapidfireai/fit/backend/worker.py", line 354, in run_fit
    trainer_instance, base_model_name = create_trainer_instance(
                                        ^^^^^^^^^^^^^^^^^^^^^^^^
  File "/opt/conda/envs/cse234/lib/python3.12/site-packages/rapidfireai/fit/ml/trainer.py", line 425, in create_trainer_instance
    _prepare_trainer_kwargs(
  File "/opt/conda/envs/cse234/lib/python3.12/site-packages/rapidfireai/fit/ml/trainer.py", line 662, in _prepare_trainer_kwargs
    train_dataset = train_dataset.map(
                    ^^^^^^^^^^^^^^^^^^
  File "/opt/conda/envs/cse234/lib/python3.12/site-packages/datasets/arrow_dataset.py", line 575, in wrapper
    out: Union["Dataset", "DatasetDict"] = func(self, *args, **kwargs)
                                           ^^^^^^^^^^^^^^^^^^^^^^^^^^^
  File "/opt/conda/envs/cse234/lib/python3.12/site-packages/datasets/arrow_dataset.py", line 3633, in map
    for rank, done, content in Dataset._map_single(**unprocessed_kwargs):
                               ^^^^^^^^^^^^^^^^^^^^^^^^^^^^^^^^^^^^^^^^^
  File "/opt/conda/envs/cse234/lib/python3.12/site-packages/datasets/arrow_dataset.py", line 3973, in _map_single
    for i, example in iter_outputs(shard_iterable):
                      ^^^^^^^^^^^^^^^^^^^^^^^^^^^^
  File "/opt/conda/envs/cse234/lib/python3.12/site-packages/datasets/arrow_dataset.py", line 3951, in iter_outputs
    yield i, apply_function(example, i, offset=offset)
             ^^^^^^^^^^^^^^^^^^^^^^^^^^^^^^^^^^^^^^^^^
  File "/opt/conda/envs/cse234/lib/python3.12/site-packages/datasets/arrow_dataset.py", line 3872, in apply_function
    processed_inputs = function(*fn_args, *additional_args, **fn_kwargs)
                       ^^^^^^^^^^^^^^^^^^^^^^^^^^^^^^^^^^^^^^^^^^^^^^^^^
  File "/tmp/ipykernel_7079/4266756885.py", line 4, in formatting_function
NameError: name 'SYSTEM_PROMPT' is not defined

2026-05-22 22:20:06 | schema-linking-baseline-qwen-lora | controller | DEBUG | controller.py:789 | Removed run 2 from scheduler
2026-05-22 22:20:07 | schema-linking-baseline-qwen-lora | controller | DEBUG | controller.py:886 | Scheduled run 3 on workers (0,) for chunk 0
2026-05-22 22:20:07 | schema-linking-baseline-qwen-lora | worker_0 | DEBUG | worker.py:667 | Received task WorkerTask.TRAIN_VAL for run 3
2026-05-22 22:20:07 | schema-linking-baseline-qwen-lora | worker_0 | DEBUG | worker.py:205 | Received run_fit on worker for run 3 with chunk 0
2026-05-22 22:20:33 | schema-linking-baseline-qwen-lora | worker_0 | ERROR | worker.py:524 | Error during training for run 3: name 'SYSTEM_PROMPT' is not defined
2026-05-22 22:20:34 | schema-linking-baseline-qwen-lora | worker_0 | ERROR | worker.py:683 | Error while running run_fit for run 3 and chunk 0: name 'SYSTEM_PROMPT' is not defined
Traceback (most recent call last):

  File "<string>", line 1, in <module>
  File "/opt/conda/envs/cse234/lib/python3.12/multiprocessing/spawn.py", line 122, in spawn_main
    exitcode = _main(fd, parent_sentinel)
               │     │   └ 3
               │     └ 125
               └ <function _main at 0x7fcfdc37ae80>
  File "/opt/conda/envs/cse234/lib/python3.12/multiprocessing/spawn.py", line 135, in _main
    return self._bootstrap(parent_sentinel)
           │    │          └ 3
           │    └ <function BaseProcess._bootstrap at 0x7fcfdc4651c0>
           └ <Process name='Process-2' parent=7079 started>
  File "/opt/conda/envs/cse234/lib/python3.12/multiprocessing/process.py", line 314, in _bootstrap
    self.run()
    │    └ <function BaseProcess.run at 0x7fcfdc464720>
    └ <Process name='Process-2' parent=7079 started>
  File "/opt/conda/envs/cse234/lib/python3.12/multiprocessing/process.py", line 108, in run
    self._target(*self._args, **self._kwargs)
    │    │        │    │        │    └ {}
    │    │        │    │        └ <Process name='Process-2' parent=7079 started>
    │    │        │    └ (0, <DictProxy object, typeid 'dict' at 0x7fcd6d288e00>, <AcquirerProxy object, typeid 'Lock' at 0x7fcd474aa8d0>, <Event at 0...
    │    │        └ <Process name='Process-2' parent=7079 started>
    │    └ <function worker_process_target at 0x7fcf90b72700>
    └ <Process name='Process-2' parent=7079 started>
  File "/opt/conda/envs/cse234/lib/python3.12/site-packages/rapidfireai/fit/utils/worker_manager.py", line 44, in worker_process_target
    worker.serve_forever()
    │      └ <function Worker.serve_forever at 0x7fcd4733c360>
    └ <rapidfireai.fit.backend.worker.Worker object at 0x7fcfdc35f470>
> File "/opt/conda/envs/cse234/lib/python3.12/site-packages/rapidfireai/fit/backend/worker.py", line 676, in serve_forever
    self.run_fit(
    │    └ <function Worker.run_fit at 0x7fcd4733c2c0>
    └ <rapidfireai.fit.backend.worker.Worker object at 0x7fcfdc35f470>
  File "/opt/conda/envs/cse234/lib/python3.12/site-packages/rapidfireai/fit/backend/worker.py", line 354, in run_fit
    trainer_instance, base_model_name = create_trainer_instance(
                                        └ <function create_trainer_instance at 0x7fcd6fb4c180>
  File "/opt/conda/envs/cse234/lib/python3.12/site-packages/rapidfireai/fit/ml/trainer.py", line 425, in create_trainer_instance
    _prepare_trainer_kwargs(
    └ <function _prepare_trainer_kwargs at 0x7fcd6d083e20>
  File "/opt/conda/envs/cse234/lib/python3.12/site-packages/rapidfireai/fit/ml/trainer.py", line 662, in _prepare_trainer_kwargs
    train_dataset = train_dataset.map(
                    │             └ <function Dataset.map at 0x7fcd727037e0>
                    └ Dataset({
                          features: ['question_id', 'db_id', 'question', 'gold_sql', 'schema_links'],
                          num_rows: 72
                      })
  File "/opt/conda/envs/cse234/lib/python3.12/site-packages/datasets/arrow_dataset.py", line 575, in wrapper
    out: Union["Dataset", "DatasetDict"] = func(self, *args, **kwargs)
         │                                 │    │      │       └ {}
         │                                 │    │      └ (<function formatting_function at 0x7fcfdc433ba0>,)
         │                                 │    └ Dataset({
         │                                 │          features: ['question_id', 'db_id', 'question', 'gold_sql', 'schema_links'],
         │                                 │          num_rows: 72
         │                                 │      })
         │                                 └ <function Dataset.map at 0x7fcd72703740>
         └ typing.Union
  File "/opt/conda/envs/cse234/lib/python3.12/site-packages/datasets/arrow_dataset.py", line 3633, in map
    for rank, done, content in Dataset._map_single(**unprocessed_kwargs):
        │     │     │          │       │             └ {'shard': Dataset({
        │     │     │          │       │                   features: ['question_id', 'db_id', 'question', 'gold_sql', 'schema_links'],
        │     │     │          │       │                   num_rows: 72
        │     │     │          │       │               }), 'fun...
        │     │     │          │       └ <staticmethod(<function Dataset._map_single at 0x7fcd72703880>)>
        │     │     │          └ <class 'datasets.arrow_dataset.Dataset'>
        │     │     └ 0
        │     └ False
        └ None
  File "/opt/conda/envs/cse234/lib/python3.12/site-packages/datasets/arrow_dataset.py", line 3973, in _map_single
    for i, example in iter_outputs(shard_iterable):
                      │            └ <enumerate object at 0x7fcb1811aed0>
                      └ <function Dataset._map_single.<locals>.iter_outputs at 0x7fcb181372e0>
  File "/opt/conda/envs/cse234/lib/python3.12/site-packages/datasets/arrow_dataset.py", line 3951, in iter_outputs
    yield i, apply_function(example, i, offset=offset)
          │  │              │        │         └ 0
          │  │              │        └ 0
          │  │              └ pyarrow.Table
          │  │                question_id: int64
          │  │                db_id: string
          │  │                question: string
          │  │                gold_sql: string
          │  │                schema_links: struct<ACC_EM_Chronic_Absentee...
          │  └ <function Dataset._map_single.<locals>.apply_function at 0x7fcb18137240>
          └ 0
  File "/opt/conda/envs/cse234/lib/python3.12/site-packages/datasets/arrow_dataset.py", line 3872, in apply_function
    processed_inputs = function(*fn_args, *additional_args, **fn_kwargs)
                       │         │         │                  └ {}
                       │         │         └ ()
                       │         └ [{'question_id': 210, 'db_id': 'SBODemoUS-Service', 'question': "What is the renewal status of the contracts with the custome...
                       └ <function formatting_function at 0x7fcfdc433ba0>

  File "/tmp/ipykernel_7079/4266756885.py", line 4, in formatting_function

NameError: name 'SYSTEM_PROMPT' is not defined
2026-05-22 22:20:35 | schema-linking-baseline-qwen-lora | controller-shm | WARNING | shm_manager.py:492 | Model '3' not found in shared memory during delete
2026-05-22 22:20:35 | schema-linking-baseline-qwen-lora | controller | ERROR | controller.py:788 | Run 3 has failed: name 'SYSTEM_PROMPT' is not definedTraceback (most recent call last):
  File "/opt/conda/envs/cse234/lib/python3.12/site-packages/rapidfireai/fit/backend/worker.py", line 676, in serve_forever
    self.run_fit(
  File "/opt/conda/envs/cse234/lib/python3.12/site-packages/rapidfireai/fit/backend/worker.py", line 354, in run_fit
    trainer_instance, base_model_name = create_trainer_instance(
                                        ^^^^^^^^^^^^^^^^^^^^^^^^
  File "/opt/conda/envs/cse234/lib/python3.12/site-packages/rapidfireai/fit/ml/trainer.py", line 425, in create_trainer_instance
    _prepare_trainer_kwargs(
  File "/opt/conda/envs/cse234/lib/python3.12/site-packages/rapidfireai/fit/ml/trainer.py", line 662, in _prepare_trainer_kwargs
    train_dataset = train_dataset.map(
                    ^^^^^^^^^^^^^^^^^^
  File "/opt/conda/envs/cse234/lib/python3.12/site-packages/datasets/arrow_dataset.py", line 575, in wrapper
    out: Union["Dataset", "DatasetDict"] = func(self, *args, **kwargs)
                                           ^^^^^^^^^^^^^^^^^^^^^^^^^^^
  File "/opt/conda/envs/cse234/lib/python3.12/site-packages/datasets/arrow_dataset.py", line 3633, in map
    for rank, done, content in Dataset._map_single(**unprocessed_kwargs):
                               ^^^^^^^^^^^^^^^^^^^^^^^^^^^^^^^^^^^^^^^^^
  File "/opt/conda/envs/cse234/lib/python3.12/site-packages/datasets/arrow_dataset.py", line 3973, in _map_single
    for i, example in iter_outputs(shard_iterable):
                      ^^^^^^^^^^^^^^^^^^^^^^^^^^^^
  File "/opt/conda/envs/cse234/lib/python3.12/site-packages/datasets/arrow_dataset.py", line 3951, in iter_outputs
    yield i, apply_function(example, i, offset=offset)
             ^^^^^^^^^^^^^^^^^^^^^^^^^^^^^^^^^^^^^^^^^
  File "/opt/conda/envs/cse234/lib/python3.12/site-packages/datasets/arrow_dataset.py", line 3872, in apply_function
    processed_inputs = function(*fn_args, *additional_args, **fn_kwargs)
                       ^^^^^^^^^^^^^^^^^^^^^^^^^^^^^^^^^^^^^^^^^^^^^^^^^
  File "/tmp/ipykernel_7079/4266756885.py", line 4, in formatting_function
NameError: name 'SYSTEM_PROMPT' is not defined

2026-05-22 22:20:35 | schema-linking-baseline-qwen-lora | controller | DEBUG | controller.py:789 | Removed run 3 from scheduler
2026-05-22 22:20:35 | schema-linking-baseline-qwen-lora | controller | DEBUG | controller.py:886 | Scheduled run 1 on workers (0,) for chunk 0
2026-05-22 22:20:36 | schema-linking-baseline-qwen-lora | worker_0 | DEBUG | worker.py:667 | Received task WorkerTask.TRAIN_VAL for run 1
2026-05-22 22:20:36 | schema-linking-baseline-qwen-lora | worker_0 | DEBUG | worker.py:205 | Received run_fit on worker for run 1 with chunk 0
2026-05-22 22:21:04 | schema-linking-baseline-qwen-lora | worker_0 | ERROR | worker.py:524 | Error during training for run 1: name 'SYSTEM_PROMPT' is not defined
2026-05-22 22:21:05 | schema-linking-baseline-qwen-lora | worker_0 | ERROR | worker.py:683 | Error while running run_fit for run 1 and chunk 0: name 'SYSTEM_PROMPT' is not defined
Traceback (most recent call last):

  File "<string>", line 1, in <module>
  File "/opt/conda/envs/cse234/lib/python3.12/multiprocessing/spawn.py", line 122, in spawn_main
    exitcode = _main(fd, parent_sentinel)
               │     │   └ 3
               │     └ 125
               └ <function _main at 0x7fcfdc37ae80>
  File "/opt/conda/envs/cse234/lib/python3.12/multiprocessing/spawn.py", line 135, in _main
    return self._bootstrap(parent_sentinel)
           │    │          └ 3
           │    └ <function BaseProcess._bootstrap at 0x7fcfdc4651c0>
           └ <Process name='Process-2' parent=7079 started>
  File "/opt/conda/envs/cse234/lib/python3.12/multiprocessing/process.py", line 314, in _bootstrap
    self.run()
    │    └ <function BaseProcess.run at 0x7fcfdc464720>
    └ <Process name='Process-2' parent=7079 started>
  File "/opt/conda/envs/cse234/lib/python3.12/multiprocessing/process.py", line 108, in run
    self._target(*self._args, **self._kwargs)
    │    │        │    │        │    └ {}
    │    │        │    │        └ <Process name='Process-2' parent=7079 started>
    │    │        │    └ (0, <DictProxy object, typeid 'dict' at 0x7fcd6d288e00>, <AcquirerProxy object, typeid 'Lock' at 0x7fcd474aa8d0>, <Event at 0...
    │    │        └ <Process name='Process-2' parent=7079 started>
    │    └ <function worker_process_target at 0x7fcf90b72700>
    └ <Process name='Process-2' parent=7079 started>
  File "/opt/conda/envs/cse234/lib/python3.12/site-packages/rapidfireai/fit/utils/worker_manager.py", line 44, in worker_process_target
    worker.serve_forever()
    │      └ <function Worker.serve_forever at 0x7fcd4733c360>
    └ <rapidfireai.fit.backend.worker.Worker object at 0x7fcfdc35f470>
> File "/opt/conda/envs/cse234/lib/python3.12/site-packages/rapidfireai/fit/backend/worker.py", line 676, in serve_forever
    self.run_fit(
    │    └ <function Worker.run_fit at 0x7fcd4733c2c0>
    └ <rapidfireai.fit.backend.worker.Worker object at 0x7fcfdc35f470>
  File "/opt/conda/envs/cse234/lib/python3.12/site-packages/rapidfireai/fit/backend/worker.py", line 354, in run_fit
    trainer_instance, base_model_name = create_trainer_instance(
                                        └ <function create_trainer_instance at 0x7fcd6fb4c180>
  File "/opt/conda/envs/cse234/lib/python3.12/site-packages/rapidfireai/fit/ml/trainer.py", line 425, in create_trainer_instance
    _prepare_trainer_kwargs(
    └ <function _prepare_trainer_kwargs at 0x7fcd6d083e20>
  File "/opt/conda/envs/cse234/lib/python3.12/site-packages/rapidfireai/fit/ml/trainer.py", line 662, in _prepare_trainer_kwargs
    train_dataset = train_dataset.map(
                    │             └ <function Dataset.map at 0x7fcd727037e0>
                    └ Dataset({
                          features: ['question_id', 'db_id', 'question', 'gold_sql', 'schema_links'],
                          num_rows: 64
                      })
  File "/opt/conda/envs/cse234/lib/python3.12/site-packages/datasets/arrow_dataset.py", line 575, in wrapper
    out: Union["Dataset", "DatasetDict"] = func(self, *args, **kwargs)
         │                                 │    │      │       └ {}
         │                                 │    │      └ (<function formatting_function at 0x7fc90017ba60>,)
         │                                 │    └ Dataset({
         │                                 │          features: ['question_id', 'db_id', 'question', 'gold_sql', 'schema_links'],
         │                                 │          num_rows: 64
         │                                 │      })
         │                                 └ <function Dataset.map at 0x7fcd72703740>
         └ typing.Union
  File "/opt/conda/envs/cse234/lib/python3.12/site-packages/datasets/arrow_dataset.py", line 3633, in map
    for rank, done, content in Dataset._map_single(**unprocessed_kwargs):
        │     │     │          │       │             └ {'shard': Dataset({
        │     │     │          │       │                   features: ['question_id', 'db_id', 'question', 'gold_sql', 'schema_links'],
        │     │     │          │       │                   num_rows: 64
        │     │     │          │       │               }), 'fun...
        │     │     │          │       └ <staticmethod(<function Dataset._map_single at 0x7fcd72703880>)>
        │     │     │          └ <class 'datasets.arrow_dataset.Dataset'>
        │     │     └ 0
        │     └ False
        └ None
  File "/opt/conda/envs/cse234/lib/python3.12/site-packages/datasets/arrow_dataset.py", line 3973, in _map_single
    for i, example in iter_outputs(shard_iterable):
                      │            └ <enumerate object at 0x7fcb181c9c60>
                      └ <function Dataset._map_single.<locals>.iter_outputs at 0x7fcb18137560>
  File "/opt/conda/envs/cse234/lib/python3.12/site-packages/datasets/arrow_dataset.py", line 3951, in iter_outputs
    yield i, apply_function(example, i, offset=offset)
          │  │              │        │         └ 0
          │  │              │        └ 0
          │  │              └ pyarrow.Table
          │  │                question_id: int64
          │  │                db_id: string
          │  │                question: string
          │  │                gold_sql: string
          │  │                schema_links: struct<ACC_EM_Chronic_Absentee...
          │  └ <function Dataset._map_single.<locals>.apply_function at 0x7fcb18137880>
          └ 0
  File "/opt/conda/envs/cse234/lib/python3.12/site-packages/datasets/arrow_dataset.py", line 3872, in apply_function
    processed_inputs = function(*fn_args, *additional_args, **fn_kwargs)
                       │         │         │                  └ {}
                       │         │         └ ()
                       │         └ [{'question_id': 210, 'db_id': 'SBODemoUS-Service', 'question': "What is the renewal status of the contracts with the custome...
                       └ <function formatting_function at 0x7fc90017ba60>

  File "/tmp/ipykernel_7079/4266756885.py", line 4, in formatting_function

NameError: name 'SYSTEM_PROMPT' is not defined
2026-05-22 22:21:05 | schema-linking-baseline-qwen-lora | controller-shm | WARNING | shm_manager.py:492 | Model '1' not found in shared memory during delete
2026-05-22 22:21:05 | schema-linking-baseline-qwen-lora | controller | ERROR | controller.py:788 | Run 1 has failed: name 'SYSTEM_PROMPT' is not definedTraceback (most recent call last):
  File "/opt/conda/envs/cse234/lib/python3.12/site-packages/rapidfireai/fit/backend/worker.py", line 676, in serve_forever
    self.run_fit(
  File "/opt/conda/envs/cse234/lib/python3.12/site-packages/rapidfireai/fit/backend/worker.py", line 354, in run_fit
    trainer_instance, base_model_name = create_trainer_instance(
                                        ^^^^^^^^^^^^^^^^^^^^^^^^
  File "/opt/conda/envs/cse234/lib/python3.12/site-packages/rapidfireai/fit/ml/trainer.py", line 425, in create_trainer_instance
    _prepare_trainer_kwargs(
  File "/opt/conda/envs/cse234/lib/python3.12/site-packages/rapidfireai/fit/ml/trainer.py", line 662, in _prepare_trainer_kwargs
    train_dataset = train_dataset.map(
                    ^^^^^^^^^^^^^^^^^^
  File "/opt/conda/envs/cse234/lib/python3.12/site-packages/datasets/arrow_dataset.py", line 575, in wrapper
    out: Union["Dataset", "DatasetDict"] = func(self, *args, **kwargs)
                                           ^^^^^^^^^^^^^^^^^^^^^^^^^^^
  File "/opt/conda/envs/cse234/lib/python3.12/site-packages/datasets/arrow_dataset.py", line 3633, in map
    for rank, done, content in Dataset._map_single(**unprocessed_kwargs):
                               ^^^^^^^^^^^^^^^^^^^^^^^^^^^^^^^^^^^^^^^^^
  File "/opt/conda/envs/cse234/lib/python3.12/site-packages/datasets/arrow_dataset.py", line 3973, in _map_single
    for i, example in iter_outputs(shard_iterable):
                      ^^^^^^^^^^^^^^^^^^^^^^^^^^^^
  File "/opt/conda/envs/cse234/lib/python3.12/site-packages/datasets/arrow_dataset.py", line 3951, in iter_outputs
    yield i, apply_function(example, i, offset=offset)
             ^^^^^^^^^^^^^^^^^^^^^^^^^^^^^^^^^^^^^^^^^
  File "/opt/conda/envs/cse234/lib/python3.12/site-packages/datasets/arrow_dataset.py", line 3872, in apply_function
    processed_inputs = function(*fn_args, *additional_args, **fn_kwargs)
                       ^^^^^^^^^^^^^^^^^^^^^^^^^^^^^^^^^^^^^^^^^^^^^^^^^
  File "/tmp/ipykernel_7079/4266756885.py", line 4, in formatting_function
NameError: name 'SYSTEM_PROMPT' is not defined

2026-05-22 22:21:05 | schema-linking-baseline-qwen-lora | controller | DEBUG | controller.py:789 | Removed run 1 from scheduler
2026-05-22 22:21:06 | schema-linking-baseline-qwen-lora | controller | DEBUG | controller.py:886 | Scheduled run 8 on workers (0,) for chunk 0
2026-05-22 22:21:06 | schema-linking-baseline-qwen-lora | worker_0 | DEBUG | worker.py:667 | Received task WorkerTask.TRAIN_VAL for run 8
2026-05-22 22:21:06 | schema-linking-baseline-qwen-lora | worker_0 | DEBUG | worker.py:205 | Received run_fit on worker for run 8 with chunk 0
2026-05-22 22:21:40 | schema-linking-baseline-qwen-lora | worker_0 | ERROR | worker.py:524 | Error during training for run 8: name 'SYSTEM_PROMPT' is not defined
2026-05-22 22:21:41 | schema-linking-baseline-qwen-lora | worker_0 | ERROR | worker.py:683 | Error while running run_fit for run 8 and chunk 0: name 'SYSTEM_PROMPT' is not defined
Traceback (most recent call last):

  File "<string>", line 1, in <module>
  File "/opt/conda/envs/cse234/lib/python3.12/multiprocessing/spawn.py", line 122, in spawn_main
    exitcode = _main(fd, parent_sentinel)
               │     │   └ 3
               │     └ 125
               └ <function _main at 0x7fcfdc37ae80>
  File "/opt/conda/envs/cse234/lib/python3.12/multiprocessing/spawn.py", line 135, in _main
    return self._bootstrap(parent_sentinel)
           │    │          └ 3
           │    └ <function BaseProcess._bootstrap at 0x7fcfdc4651c0>
           └ <Process name='Process-2' parent=7079 started>
  File "/opt/conda/envs/cse234/lib/python3.12/multiprocessing/process.py", line 314, in _bootstrap
    self.run()
    │    └ <function BaseProcess.run at 0x7fcfdc464720>
    └ <Process name='Process-2' parent=7079 started>
  File "/opt/conda/envs/cse234/lib/python3.12/multiprocessing/process.py", line 108, in run
    self._target(*self._args, **self._kwargs)
    │    │        │    │        │    └ {}
    │    │        │    │        └ <Process name='Process-2' parent=7079 started>
    │    │        │    └ (0, <DictProxy object, typeid 'dict' at 0x7fcd6d288e00>, <AcquirerProxy object, typeid 'Lock' at 0x7fcd474aa8d0>, <Event at 0...
    │    │        └ <Process name='Process-2' parent=7079 started>
    │    └ <function worker_process_target at 0x7fcf90b72700>
    └ <Process name='Process-2' parent=7079 started>
  File "/opt/conda/envs/cse234/lib/python3.12/site-packages/rapidfireai/fit/utils/worker_manager.py", line 44, in worker_process_target
    worker.serve_forever()
    │      └ <function Worker.serve_forever at 0x7fcd4733c360>
    └ <rapidfireai.fit.backend.worker.Worker object at 0x7fcfdc35f470>
> File "/opt/conda/envs/cse234/lib/python3.12/site-packages/rapidfireai/fit/backend/worker.py", line 676, in serve_forever
    self.run_fit(
    │    └ <function Worker.run_fit at 0x7fcd4733c2c0>
    └ <rapidfireai.fit.backend.worker.Worker object at 0x7fcfdc35f470>
  File "/opt/conda/envs/cse234/lib/python3.12/site-packages/rapidfireai/fit/backend/worker.py", line 354, in run_fit
    trainer_instance, base_model_name = create_trainer_instance(
                                        └ <function create_trainer_instance at 0x7fcd6fb4c180>
  File "/opt/conda/envs/cse234/lib/python3.12/site-packages/rapidfireai/fit/ml/trainer.py", line 425, in create_trainer_instance
    _prepare_trainer_kwargs(
    └ <function _prepare_trainer_kwargs at 0x7fcd6d083e20>
  File "/opt/conda/envs/cse234/lib/python3.12/site-packages/rapidfireai/fit/ml/trainer.py", line 662, in _prepare_trainer_kwargs
    train_dataset = train_dataset.map(
                    │             └ <function Dataset.map at 0x7fcd727037e0>
                    └ Dataset({
                          features: ['question_id', 'db_id', 'question', 'gold_sql', 'schema_links'],
                          num_rows: 72
                      })
  File "/opt/conda/envs/cse234/lib/python3.12/site-packages/datasets/arrow_dataset.py", line 575, in wrapper
    out: Union["Dataset", "DatasetDict"] = func(self, *args, **kwargs)
         │                                 │    │      │       └ {}
         │                                 │    │      └ (<function formatting_function at 0x7fc9002cf9c0>,)
         │                                 │    └ Dataset({
         │                                 │          features: ['question_id', 'db_id', 'question', 'gold_sql', 'schema_links'],
         │                                 │          num_rows: 72
         │                                 │      })
         │                                 └ <function Dataset.map at 0x7fcd72703740>
         └ typing.Union
  File "/opt/conda/envs/cse234/lib/python3.12/site-packages/datasets/arrow_dataset.py", line 3633, in map
    for rank, done, content in Dataset._map_single(**unprocessed_kwargs):
        │     │     │          │       │             └ {'shard': Dataset({
        │     │     │          │       │                   features: ['question_id', 'db_id', 'question', 'gold_sql', 'schema_links'],
        │     │     │          │       │                   num_rows: 72
        │     │     │          │       │               }), 'fun...
        │     │     │          │       └ <staticmethod(<function Dataset._map_single at 0x7fcd72703880>)>
        │     │     │          └ <class 'datasets.arrow_dataset.Dataset'>
        │     │     └ 0
        │     └ False
        └ None
  File "/opt/conda/envs/cse234/lib/python3.12/site-packages/datasets/arrow_dataset.py", line 3973, in _map_single
    for i, example in iter_outputs(shard_iterable):
                      │            └ <enumerate object at 0x7fc9001be200>
                      └ <function Dataset._map_single.<locals>.iter_outputs at 0x7fcb181374c0>
  File "/opt/conda/envs/cse234/lib/python3.12/site-packages/datasets/arrow_dataset.py", line 3951, in iter_outputs
    yield i, apply_function(example, i, offset=offset)
          │  │              │        │         └ 0
          │  │              │        └ 0
          │  │              └ pyarrow.Table
          │  │                question_id: int64
          │  │                db_id: string
          │  │                question: string
          │  │                gold_sql: string
          │  │                schema_links: struct<ACC_EM_Chronic_Absentee...
          │  └ <function Dataset._map_single.<locals>.apply_function at 0x7fcb181379c0>
          └ 0
  File "/opt/conda/envs/cse234/lib/python3.12/site-packages/datasets/arrow_dataset.py", line 3872, in apply_function
    processed_inputs = function(*fn_args, *additional_args, **fn_kwargs)
                       │         │         │                  └ {}
                       │         │         └ ()
                       │         └ [{'question_id': 210, 'db_id': 'SBODemoUS-Service', 'question': "What is the renewal status of the contracts with the custome...
                       └ <function formatting_function at 0x7fc9002cf9c0>

  File "/tmp/ipykernel_7079/4266756885.py", line 4, in formatting_function

NameError: name 'SYSTEM_PROMPT' is not defined
2026-05-22 22:21:42 | schema-linking-baseline-qwen-lora | controller-shm | WARNING | shm_manager.py:492 | Model '8' not found in shared memory during delete
2026-05-22 22:21:42 | schema-linking-baseline-qwen-lora | controller | ERROR | controller.py:788 | Run 8 has failed: name 'SYSTEM_PROMPT' is not definedTraceback (most recent call last):
  File "/opt/conda/envs/cse234/lib/python3.12/site-packages/rapidfireai/fit/backend/worker.py", line 676, in serve_forever
    self.run_fit(
  File "/opt/conda/envs/cse234/lib/python3.12/site-packages/rapidfireai/fit/backend/worker.py", line 354, in run_fit
    trainer_instance, base_model_name = create_trainer_instance(
                                        ^^^^^^^^^^^^^^^^^^^^^^^^
  File "/opt/conda/envs/cse234/lib/python3.12/site-packages/rapidfireai/fit/ml/trainer.py", line 425, in create_trainer_instance
    _prepare_trainer_kwargs(
  File "/opt/conda/envs/cse234/lib/python3.12/site-packages/rapidfireai/fit/ml/trainer.py", line 662, in _prepare_trainer_kwargs
    train_dataset = train_dataset.map(
                    ^^^^^^^^^^^^^^^^^^
  File "/opt/conda/envs/cse234/lib/python3.12/site-packages/datasets/arrow_dataset.py", line 575, in wrapper
    out: Union["Dataset", "DatasetDict"] = func(self, *args, **kwargs)
                                           ^^^^^^^^^^^^^^^^^^^^^^^^^^^
  File "/opt/conda/envs/cse234/lib/python3.12/site-packages/datasets/arrow_dataset.py", line 3633, in map
    for rank, done, content in Dataset._map_single(**unprocessed_kwargs):
                               ^^^^^^^^^^^^^^^^^^^^^^^^^^^^^^^^^^^^^^^^^
  File "/opt/conda/envs/cse234/lib/python3.12/site-packages/datasets/arrow_dataset.py", line 3973, in _map_single
    for i, example in iter_outputs(shard_iterable):
                      ^^^^^^^^^^^^^^^^^^^^^^^^^^^^
  File "/opt/conda/envs/cse234/lib/python3.12/site-packages/datasets/arrow_dataset.py", line 3951, in iter_outputs
    yield i, apply_function(example, i, offset=offset)
             ^^^^^^^^^^^^^^^^^^^^^^^^^^^^^^^^^^^^^^^^^
  File "/opt/conda/envs/cse234/lib/python3.12/site-packages/datasets/arrow_dataset.py", line 3872, in apply_function
    processed_inputs = function(*fn_args, *additional_args, **fn_kwargs)
                       ^^^^^^^^^^^^^^^^^^^^^^^^^^^^^^^^^^^^^^^^^^^^^^^^^
  File "/tmp/ipykernel_7079/4266756885.py", line 4, in formatting_function
NameError: name 'SYSTEM_PROMPT' is not defined

2026-05-22 22:21:42 | schema-linking-baseline-qwen-lora | controller | DEBUG | controller.py:789 | Removed run 8 from scheduler
2026-05-22 22:21:42 | schema-linking-baseline-qwen-lora | controller | DEBUG | controller.py:886 | Scheduled run 6 on workers (0,) for chunk 0
2026-05-22 22:21:42 | schema-linking-baseline-qwen-lora | worker_0 | DEBUG | worker.py:667 | Received task WorkerTask.TRAIN_VAL for run 6
2026-05-22 22:21:42 | schema-linking-baseline-qwen-lora | worker_0 | DEBUG | worker.py:205 | Received run_fit on worker for run 6 with chunk 0
2026-05-22 22:22:15 | schema-linking-baseline-qwen-lora | worker_0 | ERROR | worker.py:524 | Error during training for run 6: name 'SYSTEM_PROMPT' is not defined
2026-05-22 22:22:16 | schema-linking-baseline-qwen-lora | worker_0 | ERROR | worker.py:683 | Error while running run_fit for run 6 and chunk 0: name 'SYSTEM_PROMPT' is not defined
Traceback (most recent call last):

  File "<string>", line 1, in <module>
  File "/opt/conda/envs/cse234/lib/python3.12/multiprocessing/spawn.py", line 122, in spawn_main
    exitcode = _main(fd, parent_sentinel)
               │     │   └ 3
               │     └ 125
               └ <function _main at 0x7fcfdc37ae80>
  File "/opt/conda/envs/cse234/lib/python3.12/multiprocessing/spawn.py", line 135, in _main
    return self._bootstrap(parent_sentinel)
           │    │          └ 3
           │    └ <function BaseProcess._bootstrap at 0x7fcfdc4651c0>
           └ <Process name='Process-2' parent=7079 started>
  File "/opt/conda/envs/cse234/lib/python3.12/multiprocessing/process.py", line 314, in _bootstrap
    self.run()
    │    └ <function BaseProcess.run at 0x7fcfdc464720>
    └ <Process name='Process-2' parent=7079 started>
  File "/opt/conda/envs/cse234/lib/python3.12/multiprocessing/process.py", line 108, in run
    self._target(*self._args, **self._kwargs)
    │    │        │    │        │    └ {}
    │    │        │    │        └ <Process name='Process-2' parent=7079 started>
    │    │        │    └ (0, <DictProxy object, typeid 'dict' at 0x7fcd6d288e00>, <AcquirerProxy object, typeid 'Lock' at 0x7fcd474aa8d0>, <Event at 0...
    │    │        └ <Process name='Process-2' parent=7079 started>
    │    └ <function worker_process_target at 0x7fcf90b72700>
    └ <Process name='Process-2' parent=7079 started>
  File "/opt/conda/envs/cse234/lib/python3.12/site-packages/rapidfireai/fit/utils/worker_manager.py", line 44, in worker_process_target
    worker.serve_forever()
    │      └ <function Worker.serve_forever at 0x7fcd4733c360>
    └ <rapidfireai.fit.backend.worker.Worker object at 0x7fcfdc35f470>
> File "/opt/conda/envs/cse234/lib/python3.12/site-packages/rapidfireai/fit/backend/worker.py", line 676, in serve_forever
    self.run_fit(
    │    └ <function Worker.run_fit at 0x7fcd4733c2c0>
    └ <rapidfireai.fit.backend.worker.Worker object at 0x7fcfdc35f470>
  File "/opt/conda/envs/cse234/lib/python3.12/site-packages/rapidfireai/fit/backend/worker.py", line 354, in run_fit
    trainer_instance, base_model_name = create_trainer_instance(
                                        └ <function create_trainer_instance at 0x7fcd6fb4c180>
  File "/opt/conda/envs/cse234/lib/python3.12/site-packages/rapidfireai/fit/ml/trainer.py", line 425, in create_trainer_instance
    _prepare_trainer_kwargs(
    └ <function _prepare_trainer_kwargs at 0x7fcd6d083e20>
  File "/opt/conda/envs/cse234/lib/python3.12/site-packages/rapidfireai/fit/ml/trainer.py", line 662, in _prepare_trainer_kwargs
    train_dataset = train_dataset.map(
                    │             └ <function Dataset.map at 0x7fcd727037e0>
                    └ Dataset({
                          features: ['question_id', 'db_id', 'question', 'gold_sql', 'schema_links'],
                          num_rows: 72
                      })
  File "/opt/conda/envs/cse234/lib/python3.12/site-packages/datasets/arrow_dataset.py", line 575, in wrapper
    out: Union["Dataset", "DatasetDict"] = func(self, *args, **kwargs)
         │                                 │    │      │       └ {}
         │                                 │    │      └ (<function formatting_function at 0x7fcd4739fec0>,)
         │                                 │    └ Dataset({
         │                                 │          features: ['question_id', 'db_id', 'question', 'gold_sql', 'schema_links'],
         │                                 │          num_rows: 72
         │                                 │      })
         │                                 └ <function Dataset.map at 0x7fcd72703740>
         └ typing.Union
  File "/opt/conda/envs/cse234/lib/python3.12/site-packages/datasets/arrow_dataset.py", line 3633, in map
    for rank, done, content in Dataset._map_single(**unprocessed_kwargs):
        │     │     │          │       │             └ {'shard': Dataset({
        │     │     │          │       │                   features: ['question_id', 'db_id', 'question', 'gold_sql', 'schema_links'],
        │     │     │          │       │                   num_rows: 72
        │     │     │          │       │               }), 'fun...
        │     │     │          │       └ <staticmethod(<function Dataset._map_single at 0x7fcd72703880>)>
        │     │     │          └ <class 'datasets.arrow_dataset.Dataset'>
        │     │     └ 0
        │     └ False
        └ None
  File "/opt/conda/envs/cse234/lib/python3.12/site-packages/datasets/arrow_dataset.py", line 3973, in _map_single
    for i, example in iter_outputs(shard_iterable):
                      │            └ <enumerate object at 0x7fc90023d300>
                      └ <function Dataset._map_single.<locals>.iter_outputs at 0x7fcb18137740>
  File "/opt/conda/envs/cse234/lib/python3.12/site-packages/datasets/arrow_dataset.py", line 3951, in iter_outputs
    yield i, apply_function(example, i, offset=offset)
          │  │              │        │         └ 0
          │  │              │        └ 0
          │  │              └ pyarrow.Table
          │  │                question_id: int64
          │  │                db_id: string
          │  │                question: string
          │  │                gold_sql: string
          │  │                schema_links: struct<ACC_EM_Chronic_Absentee...
          │  └ <function Dataset._map_single.<locals>.apply_function at 0x7fcb18137880>
          └ 0
  File "/opt/conda/envs/cse234/lib/python3.12/site-packages/datasets/arrow_dataset.py", line 3872, in apply_function
    processed_inputs = function(*fn_args, *additional_args, **fn_kwargs)
                       │         │         │                  └ {}
                       │         │         └ ()
                       │         └ [{'question_id': 210, 'db_id': 'SBODemoUS-Service', 'question': "What is the renewal status of the contracts with the custome...
                       └ <function formatting_function at 0x7fcd4739fec0>

  File "/tmp/ipykernel_7079/4266756885.py", line 4, in formatting_function

NameError: name 'SYSTEM_PROMPT' is not defined
2026-05-22 22:22:16 | schema-linking-baseline-qwen-lora | controller-shm | WARNING | shm_manager.py:492 | Model '6' not found in shared memory during delete
2026-05-22 22:22:16 | schema-linking-baseline-qwen-lora | controller | ERROR | controller.py:788 | Run 6 has failed: name 'SYSTEM_PROMPT' is not definedTraceback (most recent call last):
  File "/opt/conda/envs/cse234/lib/python3.12/site-packages/rapidfireai/fit/backend/worker.py", line 676, in serve_forever
    self.run_fit(
  File "/opt/conda/envs/cse234/lib/python3.12/site-packages/rapidfireai/fit/backend/worker.py", line 354, in run_fit
    trainer_instance, base_model_name = create_trainer_instance(
                                        ^^^^^^^^^^^^^^^^^^^^^^^^
  File "/opt/conda/envs/cse234/lib/python3.12/site-packages/rapidfireai/fit/ml/trainer.py", line 425, in create_trainer_instance
    _prepare_trainer_kwargs(
  File "/opt/conda/envs/cse234/lib/python3.12/site-packages/rapidfireai/fit/ml/trainer.py", line 662, in _prepare_trainer_kwargs
    train_dataset = train_dataset.map(
                    ^^^^^^^^^^^^^^^^^^
  File "/opt/conda/envs/cse234/lib/python3.12/site-packages/datasets/arrow_dataset.py", line 575, in wrapper
    out: Union["Dataset", "DatasetDict"] = func(self, *args, **kwargs)
                                           ^^^^^^^^^^^^^^^^^^^^^^^^^^^
  File "/opt/conda/envs/cse234/lib/python3.12/site-packages/datasets/arrow_dataset.py", line 3633, in map
    for rank, done, content in Dataset._map_single(**unprocessed_kwargs):
                               ^^^^^^^^^^^^^^^^^^^^^^^^^^^^^^^^^^^^^^^^^
  File "/opt/conda/envs/cse234/lib/python3.12/site-packages/datasets/arrow_dataset.py", line 3973, in _map_single
    for i, example in iter_outputs(shard_iterable):
                      ^^^^^^^^^^^^^^^^^^^^^^^^^^^^
  File "/opt/conda/envs/cse234/lib/python3.12/site-packages/datasets/arrow_dataset.py", line 3951, in iter_outputs
    yield i, apply_function(example, i, offset=offset)
             ^^^^^^^^^^^^^^^^^^^^^^^^^^^^^^^^^^^^^^^^^
  File "/opt/conda/envs/cse234/lib/python3.12/site-packages/datasets/arrow_dataset.py", line 3872, in apply_function
    processed_inputs = function(*fn_args, *additional_args, **fn_kwargs)
                       ^^^^^^^^^^^^^^^^^^^^^^^^^^^^^^^^^^^^^^^^^^^^^^^^^
  File "/tmp/ipykernel_7079/4266756885.py", line 4, in formatting_function
NameError: name 'SYSTEM_PROMPT' is not defined

2026-05-22 22:22:16 | schema-linking-baseline-qwen-lora | controller | DEBUG | controller.py:789 | Removed run 6 from scheduler
2026-05-22 22:22:16 | schema-linking-baseline-qwen-lora | controller | DEBUG | controller.py:886 | Scheduled run 7 on workers (0,) for chunk 0
2026-05-22 22:22:17 | schema-linking-baseline-qwen-lora | worker_0 | DEBUG | worker.py:667 | Received task WorkerTask.TRAIN_VAL for run 7
2026-05-22 22:22:17 | schema-linking-baseline-qwen-lora | worker_0 | DEBUG | worker.py:205 | Received run_fit on worker for run 7 with chunk 0
2026-05-22 22:22:21 | schema-linking-baseline-qwen-lora | schema-linking-baseline-qwen-lora | INFO | experiment_utils.py:270 | Task Training and Validation cancelled
2026-05-22 22:22:21 | schema-linking-baseline-qwen-lora | schema-linking-baseline-qwen-lora | DEBUG | experiment_utils.py:271 | Reset experiment states and set current experiment task to idle
2026-05-22 22:22:22 | schema-linking-baseline-qwen-lora | worker_0 | DEBUG | worker_manager.py:46 | Worker 0 interrupted
2026-05-22 22:22:22 | schema-linking-baseline-qwen-lora | worker_0 | INFO | worker_manager.py:50 | Worker 0 process exiting
2026-05-22 22:22:22 | schema-linking-baseline-qwen-lora | worker_0 | DEBUG | worker.py:712 | Worker 0 shutdown requested
2026-05-22 22:24:06 | schema-linking-baseline-qwen-lora | schema-linking-baseline-qwen-lora | DEBUG | experiment_utils.py:271 | Reset experiment states and set current experiment task to idle
2026-05-22 22:24:06 | schema-linking-baseline-qwen-lora | experiment | INFO | experiment.py:104 | Experiment schema-linking-baseline-qwen-lora is currently running. Returning the same experiment object.
2026-05-22 22:24:06 | schema-linking-baseline-qwen-lora | experiment | INFO | experiment.py:106 | Running RapidFire AI version 0.15.2
2026-05-22 22:24:12 | schema-linking-baseline-qwen-lora | controller | DEBUG | controller.py:67 | Found 1 workers/GPUs.
2026-05-22 22:24:12 | schema-linking-baseline-qwen-lora | controller | INFO | metric_rfmetric_manager.py:55 | Initialized MLflowMetricLogger: rf_mlflow
2026-05-22 22:24:12 | schema-linking-baseline-qwen-lora | controller | DEBUG | controller.py:95 | Controller initialized
2026-05-22 22:24:12 | schema-linking-baseline-qwen-lora | controller | DEBUG | controller.py:594 | Set experiment task to Create Models.
2026-05-22 22:24:12 | schema-linking-baseline-qwen-lora | controller | DEBUG | controller.py:607 | Saved datasets to /home/duw003/rapidfireai/rapidfire_experiments/schema-linking-baseline-qwen-lora/datasets.dill
2026-05-22 22:24:12 | schema-linking-baseline-qwen-lora | controller | INFO | controller.py:613 | Set seed to 42
2026-05-22 22:24:12 | schema-linking-baseline-qwen-lora | controller | INFO | metric_rfmetric_manager.py:141 | Created MLflow run: 20f8726a10a3411194130be412faae98, 9
2026-05-22 22:24:13 | schema-linking-baseline-qwen-lora | controller | DEBUG | controller.py:200 | Populated MetricLogger with model config info for run 9.
2026-05-22 22:24:13 | schema-linking-baseline-qwen-lora | controller | INFO | metric_rfmetric_manager.py:141 | Created MLflow run: 73fe85ebf0c647688502c203eaa9dd1e, 10
2026-05-22 22:24:13 | schema-linking-baseline-qwen-lora | controller | DEBUG | controller.py:200 | Populated MetricLogger with model config info for run 10.
2026-05-22 22:24:13 | schema-linking-baseline-qwen-lora | controller | INFO | metric_rfmetric_manager.py:141 | Created MLflow run: 976a8ac27e6a416ba1965c8673687a95, 11
2026-05-22 22:24:13 | schema-linking-baseline-qwen-lora | controller | DEBUG | controller.py:200 | Populated MetricLogger with model config info for run 11.
2026-05-22 22:24:13 | schema-linking-baseline-qwen-lora | controller | INFO | metric_rfmetric_manager.py:141 | Created MLflow run: fb76020309ea465983035e88b58e1fe8, 12
2026-05-22 22:24:13 | schema-linking-baseline-qwen-lora | controller | DEBUG | controller.py:200 | Populated MetricLogger with model config info for run 12.
2026-05-22 22:24:13 | schema-linking-baseline-qwen-lora | controller | INFO | metric_rfmetric_manager.py:141 | Created MLflow run: e8ff642b18a94608934ede816a677c5e, 13
2026-05-22 22:24:14 | schema-linking-baseline-qwen-lora | controller | DEBUG | controller.py:200 | Populated MetricLogger with model config info for run 13.
2026-05-22 22:24:14 | schema-linking-baseline-qwen-lora | controller | INFO | metric_rfmetric_manager.py:141 | Created MLflow run: 62a47c42855746958764180d9a60a69c, 14
2026-05-22 22:24:14 | schema-linking-baseline-qwen-lora | controller | DEBUG | controller.py:200 | Populated MetricLogger with model config info for run 14.
2026-05-22 22:24:14 | schema-linking-baseline-qwen-lora | controller | INFO | metric_rfmetric_manager.py:141 | Created MLflow run: 14dc41079c97475b8db90185e03b15b8, 15
2026-05-22 22:24:14 | schema-linking-baseline-qwen-lora | controller | DEBUG | controller.py:200 | Populated MetricLogger with model config info for run 15.
2026-05-22 22:24:14 | schema-linking-baseline-qwen-lora | controller | INFO | metric_rfmetric_manager.py:141 | Created MLflow run: 21605e0ed2e342eea9564b3e62f7c458, 16
2026-05-22 22:24:14 | schema-linking-baseline-qwen-lora | controller | DEBUG | controller.py:200 | Populated MetricLogger with model config info for run 16.
2026-05-22 22:24:14 | schema-linking-baseline-qwen-lora | controller | INFO | controller.py:220 | Created 8 runs - 
{   9: {   'additional_kwargs.generation_config.do_sample': False,
           'additional_kwargs.generation_config.max_new_tokens': 256,
           'additional_kwargs.generation_config.repetition_penalty': 1.02,
           'additional_kwargs.generation_config.temperature': None,
           'additional_kwargs.generation_config.top_p': None,
           'model_kwargs.device_map': 'auto',
           'model_kwargs.use_cache': False,
           'model_name': 'Qwen/Qwen2.5-0.5B-Instruct',
           'model_type': 'causal_lm',
           'peft_params.bias': 'none',
           'peft_params.lora_alpha': 16,
           'peft_params.lora_dropout': 0.05,
           'peft_params.r': 8,
           'peft_params.target_modules': ['q_proj', 'v_proj'],
           'tokenizer': None,
           'tokenizer_kwargs': None,
           'trainer_type': 'SFT',
           'training_args.bf16': True,
           'training_args.eval_steps': 25,
           'training_args.eval_strategy': 'steps',
           'training_args.gradient_accumulation_steps': 8,
           'training_args.learning_rate': 0.0002,
           'training_args.logging_steps': 5,
           'training_args.lr_scheduler_type': 'linear',
           'training_args.num_train_epochs': 4,
           'training_args.per_device_eval_batch_size': 4,
           'training_args.per_device_train_batch_size': 4,
           'training_args.save_steps': 25},
    10: {   'additional_kwargs.generation_config.do_sample': False,
            'additional_kwargs.generation_config.max_new_tokens': 256,
            'additional_kwargs.generation_config.repetition_penalty': 1.02,
            'additional_kwargs.generation_config.temperature': None,
            'additional_kwargs.generation_config.top_p': None,
            'model_kwargs.device_map': 'auto',
            'model_kwargs.use_cache': False,
            'model_name': 'Qwen/Qwen2.5-0.5B-Instruct',
            'model_type': 'causal_lm',
            'peft_params.bias': 'none',
            'peft_params.lora_alpha': 32,
            'peft_params.lora_dropout': 0.05,
            'peft_params.r': 16,
            'peft_params.target_modules': ['q_proj', 'k_proj', 'v_proj', 'o_proj'],
            'tokenizer': None,
            'tokenizer_kwargs': None,
            'trainer_type': 'SFT',
            'training_args.bf16': True,
            'training_args.eval_steps': 25,
            'training_args.eval_strategy': 'steps',
            'training_args.gradient_accumulation_steps': 8,
            'training_args.learning_rate': 0.0002,
            'training_args.logging_steps': 5,
            'training_args.lr_scheduler_type': 'linear',
            'training_args.num_train_epochs': 4,
            'training_args.per_device_eval_batch_size': 4,
            'training_args.per_device_train_batch_size': 4,
            'training_args.save_steps': 25},
    11: {   'additional_kwargs.generation_config.do_sample': False,
            'additional_kwargs.generation_config.max_new_tokens': 256,
            'additional_kwargs.generation_config.repetition_penalty': 1.02,
            'additional_kwargs.generation_config.temperature': None,
            'additional_kwargs.generation_config.top_p': None,
            'model_kwargs.device_map': 'auto',
            'model_kwargs.use_cache': False,
            'model_name': 'Qwen/Qwen2.5-0.5B-Instruct',
            'model_type': 'causal_lm',
            'peft_params.bias': 'none',
            'peft_params.lora_alpha': 16,
            'peft_params.lora_dropout': 0.05,
            'peft_params.r': 8,
            'peft_params.target_modules': ['q_proj', 'v_proj'],
            'tokenizer': None,
            'tokenizer_kwargs': None,
            'trainer_type': 'SFT',
            'training_args.bf16': True,
            'training_args.eval_steps': 25,
            'training_args.eval_strategy': 'steps',
            'training_args.gradient_accumulation_steps': 8,
            'training_args.learning_rate': 0.0005,
            'training_args.logging_steps': 5,
            'training_args.lr_scheduler_type': 'cosine',
            'training_args.num_train_epochs': 4,
            'training_args.per_device_eval_batch_size': 1,
            'training_args.per_device_train_batch_size': 1,
            'training_args.save_steps': 25},
    12: {   'additional_kwargs.generation_config.do_sample': False,
            'additional_kwargs.generation_config.max_new_tokens': 256,
            'additional_kwargs.generation_config.repetition_penalty': 1.02,
            'additional_kwargs.generation_config.temperature': None,
            'additional_kwargs.generation_config.top_p': None,
            'model_kwargs.device_map': 'auto',
            'model_kwargs.use_cache': False,
            'model_name': 'Qwen/Qwen2.5-0.5B-Instruct',
            'model_type': 'causal_lm',
            'peft_params.bias': 'none',
            'peft_params.lora_alpha': 32,
            'peft_params.lora_dropout': 0.05,
            'peft_params.r': 16,
            'peft_params.target_modules': ['q_proj', 'k_proj', 'v_proj', 'o_proj'],
            'tokenizer': None,
            'tokenizer_kwargs': None,
            'trainer_type': 'SFT',
            'training_args.bf16': True,
            'training_args.eval_steps': 25,
            'training_args.eval_strategy': 'steps',
            'training_args.gradient_accumulation_steps': 8,
            'training_args.learning_rate': 0.0005,
            'training_args.logging_steps': 5,
            'training_args.lr_scheduler_type': 'cosine',
            'training_args.num_train_epochs': 4,
            'training_args.per_device_eval_batch_size': 1,
            'training_args.per_device_train_batch_size': 1,
            'training_args.save_steps': 25},
    13: {   'additional_kwargs.generation_config.do_sample': False,
            'additional_kwargs.generation_config.max_new_tokens': 256,
            'additional_kwargs.generation_config.repetition_penalty': 1.02,
            'additional_kwargs.generation_config.temperature': None,
            'additional_kwargs.generation_config.top_p': None,
            'model_kwargs.device_map': 'auto',
            'model_kwargs.use_cache': False,
            'model_name': 'Qwen/Qwen2.5-1.5B-Instruct',
            'model_type': 'causal_lm',
            'peft_params.bias': 'none',
            'peft_params.lora_alpha': 16,
            'peft_params.lora_dropout': 0.05,
            'peft_params.r': 8,
            'peft_params.target_modules': ['q_proj', 'v_proj'],
            'tokenizer': None,
            'tokenizer_kwargs': None,
            'trainer_type': 'SFT',
            'training_args.bf16': True,
            'training_args.eval_steps': 25,
            'training_args.eval_strategy': 'steps',
            'training_args.gradient_accumulation_steps': 8,
            'training_args.learning_rate': 0.0001,
            'training_args.logging_steps': 5,
            'training_args.lr_scheduler_type': 'cosine',
            'training_args.num_train_epochs': 3,
            'training_args.per_device_eval_batch_size': 1,
            'training_args.per_device_train_batch_size': 1,
            'training_args.save_steps': 25},
    14: {   'additional_kwargs.generation_config.do_sample': False,
            'additional_kwargs.generation_config.max_new_tokens': 256,
            'additional_kwargs.generation_config.repetition_penalty': 1.02,
            'additional_kwargs.generation_config.temperature': None,
            'additional_kwargs.generation_config.top_p': None,
            'model_kwargs.device_map': 'auto',
            'model_kwargs.use_cache': False,
            'model_name': 'Qwen/Qwen2.5-1.5B-Instruct',
            'model_type': 'causal_lm',
            'peft_params.bias': 'none',
            'peft_params.lora_alpha': 32,
            'peft_params.lora_dropout': 0.05,
            'peft_params.r': 16,
            'peft_params.target_modules': ['q_proj', 'k_proj', 'v_proj', 'o_proj'],
            'tokenizer': None,
            'tokenizer_kwargs': None,
            'trainer_type': 'SFT',
            'training_args.bf16': True,
            'training_args.eval_steps': 25,
            'training_args.eval_strategy': 'steps',
            'training_args.gradient_accumulation_steps': 8,
            'training_args.learning_rate': 0.0001,
            'training_args.logging_steps': 5,
            'training_args.lr_scheduler_type': 'cosine',
            'training_args.num_train_epochs': 3,
            'training_args.per_device_eval_batch_size': 1,
            'training_args.per_device_train_batch_size': 1,
            'training_args.save_steps': 25},
    15: {   'additional_kwargs.generation_config.do_sample': False,
            'additional_kwargs.generation_config.max_new_tokens': 256,
            'additional_kwargs.generation_config.repetition_penalty': 1.02,
            'additional_kwargs.generation_config.temperature': None,
            'additional_kwargs.generation_config.top_p': None,
            'model_kwargs.device_map': 'auto',
            'model_kwargs.use_cache': False,
            'model_name': 'Qwen/Qwen2.5-1.5B-Instruct',
            'model_type': 'causal_lm',
            'peft_params.bias': 'none',
            'peft_params.lora_alpha': 16,
            'peft_params.lora_dropout': 0.05,
            'peft_params.r': 8,
            'peft_params.target_modules': ['q_proj', 'v_proj'],
            'tokenizer': None,
            'tokenizer_kwargs': None,
            'trainer_type': 'SFT',
            'training_args.bf16': True,
            'training_args.eval_steps': 25,
            'training_args.eval_strategy': 'steps',
            'training_args.gradient_accumulation_steps': 8,
            'training_args.learning_rate': 0.0002,
            'training_args.logging_steps': 5,
            'training_args.lr_scheduler_type': 'cosine',
            'training_args.num_train_epochs': 3,
            'training_args.per_device_eval_batch_size': 1,
            'training_args.per_device_train_batch_size': 1,
            'training_args.save_steps': 25},
    16: {   'additional_kwargs.generation_config.do_sample': False,
            'additional_kwargs.generation_config.max_new_tokens': 256,
            'additional_kwargs.generation_config.repetition_penalty': 1.02,
            'additional_kwargs.generation_config.temperature': None,
            'additional_kwargs.generation_config.top_p': None,
            'model_kwargs.device_map': 'auto',
            'model_kwargs.use_cache': False,
            'model_name': 'Qwen/Qwen2.5-1.5B-Instruct',
            'model_type': 'causal_lm',
            'peft_params.bias': 'none',
            'peft_params.lora_alpha': 32,
            'peft_params.lora_dropout': 0.05,
            'peft_params.r': 16,
            'peft_params.target_modules': ['q_proj', 'k_proj', 'v_proj', 'o_proj'],
            'tokenizer': None,
            'tokenizer_kwargs': None,
            'trainer_type': 'SFT',
            'training_args.bf16': True,
            'training_args.eval_steps': 25,
            'training_args.eval_strategy': 'steps',
            'training_args.gradient_accumulation_steps': 8,
            'training_args.learning_rate': 0.0002,
            'training_args.logging_steps': 5,
            'training_args.lr_scheduler_type': 'cosine',
            'training_args.num_train_epochs': 3,
            'training_args.per_device_eval_batch_size': 1,
            'training_args.per_device_train_batch_size': 1,
            'training_args.save_steps': 25}}
2026-05-22 22:24:14 | schema-linking-baseline-qwen-lora | controller | DEBUG | controller.py:223 | Got 8 runs for Initial.
2026-05-22 22:24:14 | schema-linking-baseline-qwen-lora | controller | DEBUG | controller.py:227 | Completed creating models.
2026-05-22 22:24:14 | schema-linking-baseline-qwen-lora | controller | DEBUG | controller.py:625 | Created models.
2026-05-22 22:24:14 | schema-linking-baseline-qwen-lora | controller | DEBUG | controller.py:631 | Set experiment task to Training and Validation.
2026-05-22 22:24:14 | schema-linking-baseline-qwen-lora | worker_manager | DEBUG | worker_manager.py:115 | Creating 1 worker processes...
2026-05-22 22:24:14 | schema-linking-baseline-qwen-lora | worker_manager | DEBUG | worker_manager.py:121 | Starting worker processes in process group 7079
2026-05-22 22:24:14 | schema-linking-baseline-qwen-lora | worker_manager | DEBUG | worker_manager.py:149 | Started Worker 0 with PID 9146
2026-05-22 22:24:14 | schema-linking-baseline-qwen-lora | worker_manager | INFO | worker_manager.py:156 | Started 1 worker processes successfully
2026-05-22 22:24:14 | schema-linking-baseline-qwen-lora | controller | DEBUG | controller.py:637 | Created 1 workers.
2026-05-22 22:24:14 | schema-linking-baseline-qwen-lora | controller | INFO | controller.py:659 | Starting Training and Validation
2026-05-22 22:24:15 | schema-linking-baseline-qwen-lora | controller | DEBUG | controller.py:886 | Scheduled run 13 on workers (0,) for chunk 0
2026-05-22 22:24:28 | schema-linking-baseline-qwen-lora | worker_0 | DEBUG | worker.py:157 | Worker 0 initialized with PID 9146
2026-05-22 22:24:28 | schema-linking-baseline-qwen-lora | worker_0 | INFO | metric_rfmetric_manager.py:55 | Initialized MLflowMetricLogger: rf_mlflow
2026-05-22 22:24:28 | schema-linking-baseline-qwen-lora | worker_0 | DEBUG | worker.py:192 | Loaded datasets
2026-05-22 22:24:28 | schema-linking-baseline-qwen-lora | worker_0 | DEBUG | worker.py:667 | Received task WorkerTask.TRAIN_VAL for run 13
2026-05-22 22:24:28 | schema-linking-baseline-qwen-lora | worker_0 | DEBUG | worker.py:205 | Received run_fit on worker for run 13 with chunk 0
2026-05-22 22:26:02 | schema-linking-baseline-qwen-lora | worker-0-shm | DEBUG | shm_manager.py:348 | Saved base_model for run Qwen/Qwen2.5-1.5B-Instruct
2026-05-22 22:26:02 | schema-linking-baseline-qwen-lora | worker_0 | ERROR | worker.py:524 | Error during training for run 13: name 'SYSTEM_PROMPT' is not defined
2026-05-22 22:26:03 | schema-linking-baseline-qwen-lora | worker_0 | ERROR | worker.py:683 | Error while running run_fit for run 13 and chunk 0: name 'SYSTEM_PROMPT' is not defined
Traceback (most recent call last):

  File "<string>", line 1, in <module>
  File "/opt/conda/envs/cse234/lib/python3.12/multiprocessing/spawn.py", line 122, in spawn_main
    exitcode = _main(fd, parent_sentinel)
               │     │   └ 3
               │     └ 136
               └ <function _main at 0x7fb82d7eae80>
  File "/opt/conda/envs/cse234/lib/python3.12/multiprocessing/spawn.py", line 135, in _main
    return self._bootstrap(parent_sentinel)
           │    │          └ 3
           │    └ <function BaseProcess._bootstrap at 0x7fb82d8d51c0>
           └ <Process name='Process-4' parent=7079 started>
  File "/opt/conda/envs/cse234/lib/python3.12/multiprocessing/process.py", line 314, in _bootstrap
    self.run()
    │    └ <function BaseProcess.run at 0x7fb82d8d4720>
    └ <Process name='Process-4' parent=7079 started>
  File "/opt/conda/envs/cse234/lib/python3.12/multiprocessing/process.py", line 108, in run
    self._target(*self._args, **self._kwargs)
    │    │        │    │        │    └ {}
    │    │        │    │        └ <Process name='Process-4' parent=7079 started>
    │    │        │    └ (0, <DictProxy object, typeid 'dict' at 0x7fb5988b0cb0>, <AcquirerProxy object, typeid 'Lock' at 0x7fb5988db7a0>, <Event at 0...
    │    │        └ <Process name='Process-4' parent=7079 started>
    │    └ <function worker_process_target at 0x7fb7e1f72700>
    └ <Process name='Process-4' parent=7079 started>
  File "/opt/conda/envs/cse234/lib/python3.12/site-packages/rapidfireai/fit/utils/worker_manager.py", line 44, in worker_process_target
    worker.serve_forever()
    │      └ <function Worker.serve_forever at 0x7fb5987bc360>
    └ <rapidfireai.fit.backend.worker.Worker object at 0x7fb5988d9ac0>
> File "/opt/conda/envs/cse234/lib/python3.12/site-packages/rapidfireai/fit/backend/worker.py", line 676, in serve_forever
    self.run_fit(
    │    └ <function Worker.run_fit at 0x7fb5987bc2c0>
    └ <rapidfireai.fit.backend.worker.Worker object at 0x7fb5988d9ac0>
  File "/opt/conda/envs/cse234/lib/python3.12/site-packages/rapidfireai/fit/backend/worker.py", line 354, in run_fit
    trainer_instance, base_model_name = create_trainer_instance(
                                        └ <function create_trainer_instance at 0x7fb5c105c180>
  File "/opt/conda/envs/cse234/lib/python3.12/site-packages/rapidfireai/fit/ml/trainer.py", line 425, in create_trainer_instance
    _prepare_trainer_kwargs(
    └ <function _prepare_trainer_kwargs at 0x7fb5be58fe20>
  File "/opt/conda/envs/cse234/lib/python3.12/site-packages/rapidfireai/fit/ml/trainer.py", line 662, in _prepare_trainer_kwargs
    train_dataset = train_dataset.map(
                    │             └ <function Dataset.map at 0x7fb5c3c037e0>
                    └ Dataset({
                          features: ['question_id', 'db_id', 'question', 'gold_sql', 'schema_links'],
                          num_rows: 72
                      })
  File "/opt/conda/envs/cse234/lib/python3.12/site-packages/datasets/arrow_dataset.py", line 575, in wrapper
    out: Union["Dataset", "DatasetDict"] = func(self, *args, **kwargs)
         │                                 │    │      │       └ {}
         │                                 │    │      └ (<function formatting_function at 0x7fb5987be840>,)
         │                                 │    └ Dataset({
         │                                 │          features: ['question_id', 'db_id', 'question', 'gold_sql', 'schema_links'],
         │                                 │          num_rows: 72
         │                                 │      })
         │                                 └ <function Dataset.map at 0x7fb5c3c03740>
         └ typing.Union
  File "/opt/conda/envs/cse234/lib/python3.12/site-packages/datasets/arrow_dataset.py", line 3633, in map
    for rank, done, content in Dataset._map_single(**unprocessed_kwargs):
        │     │     │          │       │             └ {'shard': Dataset({
        │     │     │          │       │                   features: ['question_id', 'db_id', 'question', 'gold_sql', 'schema_links'],
        │     │     │          │       │                   num_rows: 72
        │     │     │          │       │               }), 'fun...
        │     │     │          │       └ <staticmethod(<function Dataset._map_single at 0x7fb5c3c03880>)>
        │     │     │          └ <class 'datasets.arrow_dataset.Dataset'>
        │     │     └ 0
        │     └ False
        └ None
  File "/opt/conda/envs/cse234/lib/python3.12/site-packages/datasets/arrow_dataset.py", line 3973, in _map_single
    for i, example in iter_outputs(shard_iterable):
                      │            └ <enumerate object at 0x7fb188ad3fb0>
                      └ <function Dataset._map_single.<locals>.iter_outputs at 0x7fb190a75260>
  File "/opt/conda/envs/cse234/lib/python3.12/site-packages/datasets/arrow_dataset.py", line 3951, in iter_outputs
    yield i, apply_function(example, i, offset=offset)
          │  │              │        │         └ 0
          │  │              │        └ 0
          │  │              └ pyarrow.Table
          │  │                question_id: int64
          │  │                db_id: string
          │  │                question: string
          │  │                gold_sql: string
          │  │                schema_links: struct<ACC_EM_Chronic_Absentee...
          │  └ <function Dataset._map_single.<locals>.apply_function at 0x7fb190a75440>
          └ 0
  File "/opt/conda/envs/cse234/lib/python3.12/site-packages/datasets/arrow_dataset.py", line 3872, in apply_function
    processed_inputs = function(*fn_args, *additional_args, **fn_kwargs)
                       │         │         │                  └ {}
                       │         │         └ ()
                       │         └ [{'question_id': 210, 'db_id': 'SBODemoUS-Service', 'question': "What is the renewal status of the contracts with the custome...
                       └ <function formatting_function at 0x7fb5987be840>

  File "/tmp/ipykernel_7079/4266756885.py", line 4, in formatting_function

NameError: name 'SYSTEM_PROMPT' is not defined
2026-05-22 22:26:04 | schema-linking-baseline-qwen-lora | controller-shm | WARNING | shm_manager.py:492 | Model '13' not found in shared memory during delete
2026-05-22 22:26:04 | schema-linking-baseline-qwen-lora | controller | ERROR | controller.py:788 | Run 13 has failed: name 'SYSTEM_PROMPT' is not definedTraceback (most recent call last):
  File "/opt/conda/envs/cse234/lib/python3.12/site-packages/rapidfireai/fit/backend/worker.py", line 676, in serve_forever
    self.run_fit(
  File "/opt/conda/envs/cse234/lib/python3.12/site-packages/rapidfireai/fit/backend/worker.py", line 354, in run_fit
    trainer_instance, base_model_name = create_trainer_instance(
                                        ^^^^^^^^^^^^^^^^^^^^^^^^
  File "/opt/conda/envs/cse234/lib/python3.12/site-packages/rapidfireai/fit/ml/trainer.py", line 425, in create_trainer_instance
    _prepare_trainer_kwargs(
  File "/opt/conda/envs/cse234/lib/python3.12/site-packages/rapidfireai/fit/ml/trainer.py", line 662, in _prepare_trainer_kwargs
    train_dataset = train_dataset.map(
                    ^^^^^^^^^^^^^^^^^^
  File "/opt/conda/envs/cse234/lib/python3.12/site-packages/datasets/arrow_dataset.py", line 575, in wrapper
    out: Union["Dataset", "DatasetDict"] = func(self, *args, **kwargs)
                                           ^^^^^^^^^^^^^^^^^^^^^^^^^^^
  File "/opt/conda/envs/cse234/lib/python3.12/site-packages/datasets/arrow_dataset.py", line 3633, in map
    for rank, done, content in Dataset._map_single(**unprocessed_kwargs):
                               ^^^^^^^^^^^^^^^^^^^^^^^^^^^^^^^^^^^^^^^^^
  File "/opt/conda/envs/cse234/lib/python3.12/site-packages/datasets/arrow_dataset.py", line 3973, in _map_single
    for i, example in iter_outputs(shard_iterable):
                      ^^^^^^^^^^^^^^^^^^^^^^^^^^^^
  File "/opt/conda/envs/cse234/lib/python3.12/site-packages/datasets/arrow_dataset.py", line 3951, in iter_outputs
    yield i, apply_function(example, i, offset=offset)
             ^^^^^^^^^^^^^^^^^^^^^^^^^^^^^^^^^^^^^^^^^
  File "/opt/conda/envs/cse234/lib/python3.12/site-packages/datasets/arrow_dataset.py", line 3872, in apply_function
    processed_inputs = function(*fn_args, *additional_args, **fn_kwargs)
                       ^^^^^^^^^^^^^^^^^^^^^^^^^^^^^^^^^^^^^^^^^^^^^^^^^
  File "/tmp/ipykernel_7079/4266756885.py", line 4, in formatting_function
NameError: name 'SYSTEM_PROMPT' is not defined

2026-05-22 22:26:04 | schema-linking-baseline-qwen-lora | controller | DEBUG | controller.py:789 | Removed run 13 from scheduler
2026-05-22 22:26:04 | schema-linking-baseline-qwen-lora | controller | DEBUG | controller.py:886 | Scheduled run 10 on workers (0,) for chunk 0
2026-05-22 22:26:04 | schema-linking-baseline-qwen-lora | worker_0 | DEBUG | worker.py:667 | Received task WorkerTask.TRAIN_VAL for run 10
2026-05-22 22:26:04 | schema-linking-baseline-qwen-lora | worker_0 | DEBUG | worker.py:205 | Received run_fit on worker for run 10 with chunk 0
2026-05-22 22:27:10 | schema-linking-baseline-qwen-lora | worker-0-shm | DEBUG | shm_manager.py:348 | Saved base_model for run Qwen/Qwen2.5-0.5B-Instruct
2026-05-22 22:27:10 | schema-linking-baseline-qwen-lora | worker_0 | ERROR | worker.py:524 | Error during training for run 10: name 'SYSTEM_PROMPT' is not defined
2026-05-22 22:27:11 | schema-linking-baseline-qwen-lora | worker_0 | ERROR | worker.py:683 | Error while running run_fit for run 10 and chunk 0: name 'SYSTEM_PROMPT' is not defined
Traceback (most recent call last):

  File "<string>", line 1, in <module>
  File "/opt/conda/envs/cse234/lib/python3.12/multiprocessing/spawn.py", line 122, in spawn_main
    exitcode = _main(fd, parent_sentinel)
               │     │   └ 3
               │     └ 136
               └ <function _main at 0x7fb82d7eae80>
  File "/opt/conda/envs/cse234/lib/python3.12/multiprocessing/spawn.py", line 135, in _main
    return self._bootstrap(parent_sentinel)
           │    │          └ 3
           │    └ <function BaseProcess._bootstrap at 0x7fb82d8d51c0>
           └ <Process name='Process-4' parent=7079 started>
  File "/opt/conda/envs/cse234/lib/python3.12/multiprocessing/process.py", line 314, in _bootstrap
    self.run()
    │    └ <function BaseProcess.run at 0x7fb82d8d4720>
    └ <Process name='Process-4' parent=7079 started>
  File "/opt/conda/envs/cse234/lib/python3.12/multiprocessing/process.py", line 108, in run
    self._target(*self._args, **self._kwargs)
    │    │        │    │        │    └ {}
    │    │        │    │        └ <Process name='Process-4' parent=7079 started>
    │    │        │    └ (0, <DictProxy object, typeid 'dict' at 0x7fb5988b0cb0>, <AcquirerProxy object, typeid 'Lock' at 0x7fb5988db7a0>, <Event at 0...
    │    │        └ <Process name='Process-4' parent=7079 started>
    │    └ <function worker_process_target at 0x7fb7e1f72700>
    └ <Process name='Process-4' parent=7079 started>
  File "/opt/conda/envs/cse234/lib/python3.12/site-packages/rapidfireai/fit/utils/worker_manager.py", line 44, in worker_process_target
    worker.serve_forever()
    │      └ <function Worker.serve_forever at 0x7fb5987bc360>
    └ <rapidfireai.fit.backend.worker.Worker object at 0x7fb5988d9ac0>
> File "/opt/conda/envs/cse234/lib/python3.12/site-packages/rapidfireai/fit/backend/worker.py", line 676, in serve_forever
    self.run_fit(
    │    └ <function Worker.run_fit at 0x7fb5987bc2c0>
    └ <rapidfireai.fit.backend.worker.Worker object at 0x7fb5988d9ac0>
  File "/opt/conda/envs/cse234/lib/python3.12/site-packages/rapidfireai/fit/backend/worker.py", line 354, in run_fit
    trainer_instance, base_model_name = create_trainer_instance(
                                        └ <function create_trainer_instance at 0x7fb5c105c180>
  File "/opt/conda/envs/cse234/lib/python3.12/site-packages/rapidfireai/fit/ml/trainer.py", line 425, in create_trainer_instance
    _prepare_trainer_kwargs(
    └ <function _prepare_trainer_kwargs at 0x7fb5be58fe20>
  File "/opt/conda/envs/cse234/lib/python3.12/site-packages/rapidfireai/fit/ml/trainer.py", line 662, in _prepare_trainer_kwargs
    train_dataset = train_dataset.map(
                    │             └ <function Dataset.map at 0x7fb5c3c037e0>
                    └ Dataset({
                          features: ['question_id', 'db_id', 'question', 'gold_sql', 'schema_links'],
                          num_rows: 64
                      })
  File "/opt/conda/envs/cse234/lib/python3.12/site-packages/datasets/arrow_dataset.py", line 575, in wrapper
    out: Union["Dataset", "DatasetDict"] = func(self, *args, **kwargs)
         │                                 │    │      │       └ {}
         │                                 │    │      └ (<function formatting_function at 0x7fb188b365c0>,)
         │                                 │    └ Dataset({
         │                                 │          features: ['question_id', 'db_id', 'question', 'gold_sql', 'schema_links'],
         │                                 │          num_rows: 64
         │                                 │      })
         │                                 └ <function Dataset.map at 0x7fb5c3c03740>
         └ typing.Union
  File "/opt/conda/envs/cse234/lib/python3.12/site-packages/datasets/arrow_dataset.py", line 3633, in map
    for rank, done, content in Dataset._map_single(**unprocessed_kwargs):
        │     │     │          │       │             └ {'shard': Dataset({
        │     │     │          │       │                   features: ['question_id', 'db_id', 'question', 'gold_sql', 'schema_links'],
        │     │     │          │       │                   num_rows: 64
        │     │     │          │       │               }), 'fun...
        │     │     │          │       └ <staticmethod(<function Dataset._map_single at 0x7fb5c3c03880>)>
        │     │     │          └ <class 'datasets.arrow_dataset.Dataset'>
        │     │     └ 0
        │     └ False
        └ None
  File "/opt/conda/envs/cse234/lib/python3.12/site-packages/datasets/arrow_dataset.py", line 3973, in _map_single
    for i, example in iter_outputs(shard_iterable):
                      │            └ <enumerate object at 0x7fb1a0982340>
                      └ <function Dataset._map_single.<locals>.iter_outputs at 0x7fb188b37920>
  File "/opt/conda/envs/cse234/lib/python3.12/site-packages/datasets/arrow_dataset.py", line 3951, in iter_outputs
    yield i, apply_function(example, i, offset=offset)
          │  │              │        │         └ 0
          │  │              │        └ 0
          │  │              └ pyarrow.Table
          │  │                question_id: int64
          │  │                db_id: string
          │  │                question: string
          │  │                gold_sql: string
          │  │                schema_links: struct<ACC_EM_Chronic_Absentee...
          │  └ <function Dataset._map_single.<locals>.apply_function at 0x7fb188b37ce0>
          └ 0
  File "/opt/conda/envs/cse234/lib/python3.12/site-packages/datasets/arrow_dataset.py", line 3872, in apply_function
    processed_inputs = function(*fn_args, *additional_args, **fn_kwargs)
                       │         │         │                  └ {}
                       │         │         └ ()
                       │         └ [{'question_id': 210, 'db_id': 'SBODemoUS-Service', 'question': "What is the renewal status of the contracts with the custome...
                       └ <function formatting_function at 0x7fb188b365c0>

  File "/tmp/ipykernel_7079/4266756885.py", line 4, in formatting_function

NameError: name 'SYSTEM_PROMPT' is not defined
2026-05-22 22:27:11 | schema-linking-baseline-qwen-lora | controller-shm | WARNING | shm_manager.py:492 | Model '10' not found in shared memory during delete
2026-05-22 22:27:11 | schema-linking-baseline-qwen-lora | controller | ERROR | controller.py:788 | Run 10 has failed: name 'SYSTEM_PROMPT' is not definedTraceback (most recent call last):
  File "/opt/conda/envs/cse234/lib/python3.12/site-packages/rapidfireai/fit/backend/worker.py", line 676, in serve_forever
    self.run_fit(
  File "/opt/conda/envs/cse234/lib/python3.12/site-packages/rapidfireai/fit/backend/worker.py", line 354, in run_fit
    trainer_instance, base_model_name = create_trainer_instance(
                                        ^^^^^^^^^^^^^^^^^^^^^^^^
  File "/opt/conda/envs/cse234/lib/python3.12/site-packages/rapidfireai/fit/ml/trainer.py", line 425, in create_trainer_instance
    _prepare_trainer_kwargs(
  File "/opt/conda/envs/cse234/lib/python3.12/site-packages/rapidfireai/fit/ml/trainer.py", line 662, in _prepare_trainer_kwargs
    train_dataset = train_dataset.map(
                    ^^^^^^^^^^^^^^^^^^
  File "/opt/conda/envs/cse234/lib/python3.12/site-packages/datasets/arrow_dataset.py", line 575, in wrapper
    out: Union["Dataset", "DatasetDict"] = func(self, *args, **kwargs)
                                           ^^^^^^^^^^^^^^^^^^^^^^^^^^^
  File "/opt/conda/envs/cse234/lib/python3.12/site-packages/datasets/arrow_dataset.py", line 3633, in map
    for rank, done, content in Dataset._map_single(**unprocessed_kwargs):
                               ^^^^^^^^^^^^^^^^^^^^^^^^^^^^^^^^^^^^^^^^^
  File "/opt/conda/envs/cse234/lib/python3.12/site-packages/datasets/arrow_dataset.py", line 3973, in _map_single
    for i, example in iter_outputs(shard_iterable):
                      ^^^^^^^^^^^^^^^^^^^^^^^^^^^^
  File "/opt/conda/envs/cse234/lib/python3.12/site-packages/datasets/arrow_dataset.py", line 3951, in iter_outputs
    yield i, apply_function(example, i, offset=offset)
             ^^^^^^^^^^^^^^^^^^^^^^^^^^^^^^^^^^^^^^^^^
  File "/opt/conda/envs/cse234/lib/python3.12/site-packages/datasets/arrow_dataset.py", line 3872, in apply_function
    processed_inputs = function(*fn_args, *additional_args, **fn_kwargs)
                       ^^^^^^^^^^^^^^^^^^^^^^^^^^^^^^^^^^^^^^^^^^^^^^^^^
  File "/tmp/ipykernel_7079/4266756885.py", line 4, in formatting_function
NameError: name 'SYSTEM_PROMPT' is not defined

2026-05-22 22:27:11 | schema-linking-baseline-qwen-lora | controller | DEBUG | controller.py:789 | Removed run 10 from scheduler
2026-05-22 22:27:12 | schema-linking-baseline-qwen-lora | controller | DEBUG | controller.py:886 | Scheduled run 11 on workers (0,) for chunk 0
2026-05-22 22:27:12 | schema-linking-baseline-qwen-lora | worker_0 | DEBUG | worker.py:667 | Received task WorkerTask.TRAIN_VAL for run 11
2026-05-22 22:27:12 | schema-linking-baseline-qwen-lora | worker_0 | DEBUG | worker.py:205 | Received run_fit on worker for run 11 with chunk 0
2026-05-22 22:27:43 | schema-linking-baseline-qwen-lora | worker_0 | ERROR | worker.py:524 | Error during training for run 11: name 'SYSTEM_PROMPT' is not defined
2026-05-22 22:27:44 | schema-linking-baseline-qwen-lora | worker_0 | ERROR | worker.py:683 | Error while running run_fit for run 11 and chunk 0: name 'SYSTEM_PROMPT' is not defined
Traceback (most recent call last):

  File "<string>", line 1, in <module>
  File "/opt/conda/envs/cse234/lib/python3.12/multiprocessing/spawn.py", line 122, in spawn_main
    exitcode = _main(fd, parent_sentinel)
               │     │   └ 3
               │     └ 136
               └ <function _main at 0x7fb82d7eae80>
  File "/opt/conda/envs/cse234/lib/python3.12/multiprocessing/spawn.py", line 135, in _main
    return self._bootstrap(parent_sentinel)
           │    │          └ 3
           │    └ <function BaseProcess._bootstrap at 0x7fb82d8d51c0>
           └ <Process name='Process-4' parent=7079 started>
  File "/opt/conda/envs/cse234/lib/python3.12/multiprocessing/process.py", line 314, in _bootstrap
    self.run()
    │    └ <function BaseProcess.run at 0x7fb82d8d4720>
    └ <Process name='Process-4' parent=7079 started>
  File "/opt/conda/envs/cse234/lib/python3.12/multiprocessing/process.py", line 108, in run
    self._target(*self._args, **self._kwargs)
    │    │        │    │        │    └ {}
    │    │        │    │        └ <Process name='Process-4' parent=7079 started>
    │    │        │    └ (0, <DictProxy object, typeid 'dict' at 0x7fb5988b0cb0>, <AcquirerProxy object, typeid 'Lock' at 0x7fb5988db7a0>, <Event at 0...
    │    │        └ <Process name='Process-4' parent=7079 started>
    │    └ <function worker_process_target at 0x7fb7e1f72700>
    └ <Process name='Process-4' parent=7079 started>
  File "/opt/conda/envs/cse234/lib/python3.12/site-packages/rapidfireai/fit/utils/worker_manager.py", line 44, in worker_process_target
    worker.serve_forever()
    │      └ <function Worker.serve_forever at 0x7fb5987bc360>
    └ <rapidfireai.fit.backend.worker.Worker object at 0x7fb5988d9ac0>
> File "/opt/conda/envs/cse234/lib/python3.12/site-packages/rapidfireai/fit/backend/worker.py", line 676, in serve_forever
    self.run_fit(
    │    └ <function Worker.run_fit at 0x7fb5987bc2c0>
    └ <rapidfireai.fit.backend.worker.Worker object at 0x7fb5988d9ac0>
  File "/opt/conda/envs/cse234/lib/python3.12/site-packages/rapidfireai/fit/backend/worker.py", line 354, in run_fit
    trainer_instance, base_model_name = create_trainer_instance(
                                        └ <function create_trainer_instance at 0x7fb5c105c180>
  File "/opt/conda/envs/cse234/lib/python3.12/site-packages/rapidfireai/fit/ml/trainer.py", line 425, in create_trainer_instance
    _prepare_trainer_kwargs(
    └ <function _prepare_trainer_kwargs at 0x7fb5be58fe20>
  File "/opt/conda/envs/cse234/lib/python3.12/site-packages/rapidfireai/fit/ml/trainer.py", line 662, in _prepare_trainer_kwargs
    train_dataset = train_dataset.map(
                    │             └ <function Dataset.map at 0x7fb5c3c037e0>
                    └ Dataset({
                          features: ['question_id', 'db_id', 'question', 'gold_sql', 'schema_links'],
                          num_rows: 72
                      })
  File "/opt/conda/envs/cse234/lib/python3.12/site-packages/datasets/arrow_dataset.py", line 575, in wrapper
    out: Union["Dataset", "DatasetDict"] = func(self, *args, **kwargs)
         │                                 │    │      │       └ {}
         │                                 │    │      └ (<function formatting_function at 0x7fb598846e80>,)
         │                                 │    └ Dataset({
         │                                 │          features: ['question_id', 'db_id', 'question', 'gold_sql', 'schema_links'],
         │                                 │          num_rows: 72
         │                                 │      })
         │                                 └ <function Dataset.map at 0x7fb5c3c03740>
         └ typing.Union
  File "/opt/conda/envs/cse234/lib/python3.12/site-packages/datasets/arrow_dataset.py", line 3633, in map
    for rank, done, content in Dataset._map_single(**unprocessed_kwargs):
        │     │     │          │       │             └ {'shard': Dataset({
        │     │     │          │       │                   features: ['question_id', 'db_id', 'question', 'gold_sql', 'schema_links'],
        │     │     │          │       │                   num_rows: 72
        │     │     │          │       │               }), 'fun...
        │     │     │          │       └ <staticmethod(<function Dataset._map_single at 0x7fb5c3c03880>)>
        │     │     │          └ <class 'datasets.arrow_dataset.Dataset'>
        │     │     └ 0
        │     └ False
        └ None
  File "/opt/conda/envs/cse234/lib/python3.12/site-packages/datasets/arrow_dataset.py", line 3973, in _map_single
    for i, example in iter_outputs(shard_iterable):
                      │            └ <enumerate object at 0x7fb59465c590>
                      └ <function Dataset._map_single.<locals>.iter_outputs at 0x7fb190a75300>
  File "/opt/conda/envs/cse234/lib/python3.12/site-packages/datasets/arrow_dataset.py", line 3951, in iter_outputs
    yield i, apply_function(example, i, offset=offset)
          │  │              │        │         └ 0
          │  │              │        └ 0
          │  │              └ pyarrow.Table
          │  │                question_id: int64
          │  │                db_id: string
          │  │                question: string
          │  │                gold_sql: string
          │  │                schema_links: struct<ACC_EM_Chronic_Absentee...
          │  └ <function Dataset._map_single.<locals>.apply_function at 0x7fb190a753a0>
          └ 0
  File "/opt/conda/envs/cse234/lib/python3.12/site-packages/datasets/arrow_dataset.py", line 3872, in apply_function
    processed_inputs = function(*fn_args, *additional_args, **fn_kwargs)
                       │         │         │                  └ {}
                       │         │         └ ()
                       │         └ [{'question_id': 210, 'db_id': 'SBODemoUS-Service', 'question': "What is the renewal status of the contracts with the custome...
                       └ <function formatting_function at 0x7fb598846e80>

  File "/tmp/ipykernel_7079/4266756885.py", line 4, in formatting_function

NameError: name 'SYSTEM_PROMPT' is not defined
2026-05-22 22:27:45 | schema-linking-baseline-qwen-lora | controller-shm | WARNING | shm_manager.py:492 | Model '11' not found in shared memory during delete
2026-05-22 22:27:45 | schema-linking-baseline-qwen-lora | controller | ERROR | controller.py:788 | Run 11 has failed: name 'SYSTEM_PROMPT' is not definedTraceback (most recent call last):
  File "/opt/conda/envs/cse234/lib/python3.12/site-packages/rapidfireai/fit/backend/worker.py", line 676, in serve_forever
    self.run_fit(
  File "/opt/conda/envs/cse234/lib/python3.12/site-packages/rapidfireai/fit/backend/worker.py", line 354, in run_fit
    trainer_instance, base_model_name = create_trainer_instance(
                                        ^^^^^^^^^^^^^^^^^^^^^^^^
  File "/opt/conda/envs/cse234/lib/python3.12/site-packages/rapidfireai/fit/ml/trainer.py", line 425, in create_trainer_instance
    _prepare_trainer_kwargs(
  File "/opt/conda/envs/cse234/lib/python3.12/site-packages/rapidfireai/fit/ml/trainer.py", line 662, in _prepare_trainer_kwargs
    train_dataset = train_dataset.map(
                    ^^^^^^^^^^^^^^^^^^
  File "/opt/conda/envs/cse234/lib/python3.12/site-packages/datasets/arrow_dataset.py", line 575, in wrapper
    out: Union["Dataset", "DatasetDict"] = func(self, *args, **kwargs)
                                           ^^^^^^^^^^^^^^^^^^^^^^^^^^^
  File "/opt/conda/envs/cse234/lib/python3.12/site-packages/datasets/arrow_dataset.py", line 3633, in map
    for rank, done, content in Dataset._map_single(**unprocessed_kwargs):
                               ^^^^^^^^^^^^^^^^^^^^^^^^^^^^^^^^^^^^^^^^^
  File "/opt/conda/envs/cse234/lib/python3.12/site-packages/datasets/arrow_dataset.py", line 3973, in _map_single
    for i, example in iter_outputs(shard_iterable):
                      ^^^^^^^^^^^^^^^^^^^^^^^^^^^^
  File "/opt/conda/envs/cse234/lib/python3.12/site-packages/datasets/arrow_dataset.py", line 3951, in iter_outputs
    yield i, apply_function(example, i, offset=offset)
             ^^^^^^^^^^^^^^^^^^^^^^^^^^^^^^^^^^^^^^^^^
  File "/opt/conda/envs/cse234/lib/python3.12/site-packages/datasets/arrow_dataset.py", line 3872, in apply_function
    processed_inputs = function(*fn_args, *additional_args, **fn_kwargs)
                       ^^^^^^^^^^^^^^^^^^^^^^^^^^^^^^^^^^^^^^^^^^^^^^^^^
  File "/tmp/ipykernel_7079/4266756885.py", line 4, in formatting_function
NameError: name 'SYSTEM_PROMPT' is not defined

2026-05-22 22:27:45 | schema-linking-baseline-qwen-lora | controller | DEBUG | controller.py:789 | Removed run 11 from scheduler
2026-05-22 22:27:45 | schema-linking-baseline-qwen-lora | controller | DEBUG | controller.py:886 | Scheduled run 9 on workers (0,) for chunk 0
2026-05-22 22:27:46 | schema-linking-baseline-qwen-lora | worker_0 | DEBUG | worker.py:667 | Received task WorkerTask.TRAIN_VAL for run 9
2026-05-22 22:27:46 | schema-linking-baseline-qwen-lora | worker_0 | DEBUG | worker.py:205 | Received run_fit on worker for run 9 with chunk 0
2026-05-22 22:28:15 | schema-linking-baseline-qwen-lora | worker_0 | ERROR | worker.py:524 | Error during training for run 9: name 'SYSTEM_PROMPT' is not defined
2026-05-22 22:28:16 | schema-linking-baseline-qwen-lora | worker_0 | ERROR | worker.py:683 | Error while running run_fit for run 9 and chunk 0: name 'SYSTEM_PROMPT' is not defined
Traceback (most recent call last):

  File "<string>", line 1, in <module>
  File "/opt/conda/envs/cse234/lib/python3.12/multiprocessing/spawn.py", line 122, in spawn_main
    exitcode = _main(fd, parent_sentinel)
               │     │   └ 3
               │     └ 136
               └ <function _main at 0x7fb82d7eae80>
  File "/opt/conda/envs/cse234/lib/python3.12/multiprocessing/spawn.py", line 135, in _main
    return self._bootstrap(parent_sentinel)
           │    │          └ 3
           │    └ <function BaseProcess._bootstrap at 0x7fb82d8d51c0>
           └ <Process name='Process-4' parent=7079 started>
  File "/opt/conda/envs/cse234/lib/python3.12/multiprocessing/process.py", line 314, in _bootstrap
    self.run()
    │    └ <function BaseProcess.run at 0x7fb82d8d4720>
    └ <Process name='Process-4' parent=7079 started>
  File "/opt/conda/envs/cse234/lib/python3.12/multiprocessing/process.py", line 108, in run
    self._target(*self._args, **self._kwargs)
    │    │        │    │        │    └ {}
    │    │        │    │        └ <Process name='Process-4' parent=7079 started>
    │    │        │    └ (0, <DictProxy object, typeid 'dict' at 0x7fb5988b0cb0>, <AcquirerProxy object, typeid 'Lock' at 0x7fb5988db7a0>, <Event at 0...
    │    │        └ <Process name='Process-4' parent=7079 started>
    │    └ <function worker_process_target at 0x7fb7e1f72700>
    └ <Process name='Process-4' parent=7079 started>
  File "/opt/conda/envs/cse234/lib/python3.12/site-packages/rapidfireai/fit/utils/worker_manager.py", line 44, in worker_process_target
    worker.serve_forever()
    │      └ <function Worker.serve_forever at 0x7fb5987bc360>
    └ <rapidfireai.fit.backend.worker.Worker object at 0x7fb5988d9ac0>
> File "/opt/conda/envs/cse234/lib/python3.12/site-packages/rapidfireai/fit/backend/worker.py", line 676, in serve_forever
    self.run_fit(
    │    └ <function Worker.run_fit at 0x7fb5987bc2c0>
    └ <rapidfireai.fit.backend.worker.Worker object at 0x7fb5988d9ac0>
  File "/opt/conda/envs/cse234/lib/python3.12/site-packages/rapidfireai/fit/backend/worker.py", line 354, in run_fit
    trainer_instance, base_model_name = create_trainer_instance(
                                        └ <function create_trainer_instance at 0x7fb5c105c180>
  File "/opt/conda/envs/cse234/lib/python3.12/site-packages/rapidfireai/fit/ml/trainer.py", line 425, in create_trainer_instance
    _prepare_trainer_kwargs(
    └ <function _prepare_trainer_kwargs at 0x7fb5be58fe20>
  File "/opt/conda/envs/cse234/lib/python3.12/site-packages/rapidfireai/fit/ml/trainer.py", line 662, in _prepare_trainer_kwargs
    train_dataset = train_dataset.map(
                    │             └ <function Dataset.map at 0x7fb5c3c037e0>
                    └ Dataset({
                          features: ['question_id', 'db_id', 'question', 'gold_sql', 'schema_links'],
                          num_rows: 64
                      })
  File "/opt/conda/envs/cse234/lib/python3.12/site-packages/datasets/arrow_dataset.py", line 575, in wrapper
    out: Union["Dataset", "DatasetDict"] = func(self, *args, **kwargs)
         │                                 │    │      │       └ {}
         │                                 │    │      └ (<function formatting_function at 0x7fb188b36520>,)
         │                                 │    └ Dataset({
         │                                 │          features: ['question_id', 'db_id', 'question', 'gold_sql', 'schema_links'],
         │                                 │          num_rows: 64
         │                                 │      })
         │                                 └ <function Dataset.map at 0x7fb5c3c03740>
         └ typing.Union
  File "/opt/conda/envs/cse234/lib/python3.12/site-packages/datasets/arrow_dataset.py", line 3633, in map
    for rank, done, content in Dataset._map_single(**unprocessed_kwargs):
        │     │     │          │       │             └ {'shard': Dataset({
        │     │     │          │       │                   features: ['question_id', 'db_id', 'question', 'gold_sql', 'schema_links'],
        │     │     │          │       │                   num_rows: 64
        │     │     │          │       │               }), 'fun...
        │     │     │          │       └ <staticmethod(<function Dataset._map_single at 0x7fb5c3c03880>)>
        │     │     │          └ <class 'datasets.arrow_dataset.Dataset'>
        │     │     └ 0
        │     └ False
        └ None
  File "/opt/conda/envs/cse234/lib/python3.12/site-packages/datasets/arrow_dataset.py", line 3973, in _map_single
    for i, example in iter_outputs(shard_iterable):
                      │            └ <enumerate object at 0x7fb5987dfc40>
                      └ <function Dataset._map_single.<locals>.iter_outputs at 0x7fb190a75940>
  File "/opt/conda/envs/cse234/lib/python3.12/site-packages/datasets/arrow_dataset.py", line 3951, in iter_outputs
    yield i, apply_function(example, i, offset=offset)
          │  │              │        │         └ 0
          │  │              │        └ 0
          │  │              └ pyarrow.Table
          │  │                question_id: int64
          │  │                db_id: string
          │  │                question: string
          │  │                gold_sql: string
          │  │                schema_links: struct<ACC_EM_Chronic_Absentee...
          │  └ <function Dataset._map_single.<locals>.apply_function at 0x7fb188b37ce0>
          └ 0
  File "/opt/conda/envs/cse234/lib/python3.12/site-packages/datasets/arrow_dataset.py", line 3872, in apply_function
    processed_inputs = function(*fn_args, *additional_args, **fn_kwargs)
                       │         │         │                  └ {}
                       │         │         └ ()
                       │         └ [{'question_id': 210, 'db_id': 'SBODemoUS-Service', 'question': "What is the renewal status of the contracts with the custome...
                       └ <function formatting_function at 0x7fb188b36520>

  File "/tmp/ipykernel_7079/4266756885.py", line 4, in formatting_function

NameError: name 'SYSTEM_PROMPT' is not defined
2026-05-22 22:28:17 | schema-linking-baseline-qwen-lora | controller-shm | WARNING | shm_manager.py:492 | Model '9' not found in shared memory during delete
2026-05-22 22:28:17 | schema-linking-baseline-qwen-lora | controller | ERROR | controller.py:788 | Run 9 has failed: name 'SYSTEM_PROMPT' is not definedTraceback (most recent call last):
  File "/opt/conda/envs/cse234/lib/python3.12/site-packages/rapidfireai/fit/backend/worker.py", line 676, in serve_forever
    self.run_fit(
  File "/opt/conda/envs/cse234/lib/python3.12/site-packages/rapidfireai/fit/backend/worker.py", line 354, in run_fit
    trainer_instance, base_model_name = create_trainer_instance(
                                        ^^^^^^^^^^^^^^^^^^^^^^^^
  File "/opt/conda/envs/cse234/lib/python3.12/site-packages/rapidfireai/fit/ml/trainer.py", line 425, in create_trainer_instance
    _prepare_trainer_kwargs(
  File "/opt/conda/envs/cse234/lib/python3.12/site-packages/rapidfireai/fit/ml/trainer.py", line 662, in _prepare_trainer_kwargs
    train_dataset = train_dataset.map(
                    ^^^^^^^^^^^^^^^^^^
  File "/opt/conda/envs/cse234/lib/python3.12/site-packages/datasets/arrow_dataset.py", line 575, in wrapper
    out: Union["Dataset", "DatasetDict"] = func(self, *args, **kwargs)
                                           ^^^^^^^^^^^^^^^^^^^^^^^^^^^
  File "/opt/conda/envs/cse234/lib/python3.12/site-packages/datasets/arrow_dataset.py", line 3633, in map
    for rank, done, content in Dataset._map_single(**unprocessed_kwargs):
                               ^^^^^^^^^^^^^^^^^^^^^^^^^^^^^^^^^^^^^^^^^
  File "/opt/conda/envs/cse234/lib/python3.12/site-packages/datasets/arrow_dataset.py", line 3973, in _map_single
    for i, example in iter_outputs(shard_iterable):
                      ^^^^^^^^^^^^^^^^^^^^^^^^^^^^
  File "/opt/conda/envs/cse234/lib/python3.12/site-packages/datasets/arrow_dataset.py", line 3951, in iter_outputs
    yield i, apply_function(example, i, offset=offset)
             ^^^^^^^^^^^^^^^^^^^^^^^^^^^^^^^^^^^^^^^^^
  File "/opt/conda/envs/cse234/lib/python3.12/site-packages/datasets/arrow_dataset.py", line 3872, in apply_function
    processed_inputs = function(*fn_args, *additional_args, **fn_kwargs)
                       ^^^^^^^^^^^^^^^^^^^^^^^^^^^^^^^^^^^^^^^^^^^^^^^^^
  File "/tmp/ipykernel_7079/4266756885.py", line 4, in formatting_function
NameError: name 'SYSTEM_PROMPT' is not defined

2026-05-22 22:28:17 | schema-linking-baseline-qwen-lora | controller | DEBUG | controller.py:789 | Removed run 9 from scheduler
2026-05-22 22:28:17 | schema-linking-baseline-qwen-lora | controller | DEBUG | controller.py:886 | Scheduled run 16 on workers (0,) for chunk 0
2026-05-22 22:28:17 | schema-linking-baseline-qwen-lora | worker_0 | DEBUG | worker.py:667 | Received task WorkerTask.TRAIN_VAL for run 16
2026-05-22 22:28:17 | schema-linking-baseline-qwen-lora | worker_0 | DEBUG | worker.py:205 | Received run_fit on worker for run 16 with chunk 0
2026-05-22 22:28:51 | schema-linking-baseline-qwen-lora | worker_0 | ERROR | worker.py:524 | Error during training for run 16: name 'SYSTEM_PROMPT' is not defined
2026-05-22 22:28:52 | schema-linking-baseline-qwen-lora | worker_0 | ERROR | worker.py:683 | Error while running run_fit for run 16 and chunk 0: name 'SYSTEM_PROMPT' is not defined
Traceback (most recent call last):

  File "<string>", line 1, in <module>
  File "/opt/conda/envs/cse234/lib/python3.12/multiprocessing/spawn.py", line 122, in spawn_main
    exitcode = _main(fd, parent_sentinel)
               │     │   └ 3
               │     └ 136
               └ <function _main at 0x7fb82d7eae80>
  File "/opt/conda/envs/cse234/lib/python3.12/multiprocessing/spawn.py", line 135, in _main
    return self._bootstrap(parent_sentinel)
           │    │          └ 3
           │    └ <function BaseProcess._bootstrap at 0x7fb82d8d51c0>
           └ <Process name='Process-4' parent=7079 started>
  File "/opt/conda/envs/cse234/lib/python3.12/multiprocessing/process.py", line 314, in _bootstrap
    self.run()
    │    └ <function BaseProcess.run at 0x7fb82d8d4720>
    └ <Process name='Process-4' parent=7079 started>
  File "/opt/conda/envs/cse234/lib/python3.12/multiprocessing/process.py", line 108, in run
    self._target(*self._args, **self._kwargs)
    │    │        │    │        │    └ {}
    │    │        │    │        └ <Process name='Process-4' parent=7079 started>
    │    │        │    └ (0, <DictProxy object, typeid 'dict' at 0x7fb5988b0cb0>, <AcquirerProxy object, typeid 'Lock' at 0x7fb5988db7a0>, <Event at 0...
    │    │        └ <Process name='Process-4' parent=7079 started>
    │    └ <function worker_process_target at 0x7fb7e1f72700>
    └ <Process name='Process-4' parent=7079 started>
  File "/opt/conda/envs/cse234/lib/python3.12/site-packages/rapidfireai/fit/utils/worker_manager.py", line 44, in worker_process_target
    worker.serve_forever()
    │      └ <function Worker.serve_forever at 0x7fb5987bc360>
    └ <rapidfireai.fit.backend.worker.Worker object at 0x7fb5988d9ac0>
> File "/opt/conda/envs/cse234/lib/python3.12/site-packages/rapidfireai/fit/backend/worker.py", line 676, in serve_forever
    self.run_fit(
    │    └ <function Worker.run_fit at 0x7fb5987bc2c0>
    └ <rapidfireai.fit.backend.worker.Worker object at 0x7fb5988d9ac0>
  File "/opt/conda/envs/cse234/lib/python3.12/site-packages/rapidfireai/fit/backend/worker.py", line 354, in run_fit
    trainer_instance, base_model_name = create_trainer_instance(
                                        └ <function create_trainer_instance at 0x7fb5c105c180>
  File "/opt/conda/envs/cse234/lib/python3.12/site-packages/rapidfireai/fit/ml/trainer.py", line 425, in create_trainer_instance
    _prepare_trainer_kwargs(
    └ <function _prepare_trainer_kwargs at 0x7fb5be58fe20>
  File "/opt/conda/envs/cse234/lib/python3.12/site-packages/rapidfireai/fit/ml/trainer.py", line 662, in _prepare_trainer_kwargs
    train_dataset = train_dataset.map(
                    │             └ <function Dataset.map at 0x7fb5c3c037e0>
                    └ Dataset({
                          features: ['question_id', 'db_id', 'question', 'gold_sql', 'schema_links'],
                          num_rows: 72
                      })
  File "/opt/conda/envs/cse234/lib/python3.12/site-packages/datasets/arrow_dataset.py", line 575, in wrapper
    out: Union["Dataset", "DatasetDict"] = func(self, *args, **kwargs)
         │                                 │    │      │       └ {}
         │                                 │    │      └ (<function formatting_function at 0x7fb5987bf9c0>,)
         │                                 │    └ Dataset({
         │                                 │          features: ['question_id', 'db_id', 'question', 'gold_sql', 'schema_links'],
         │                                 │          num_rows: 72
         │                                 │      })
         │                                 └ <function Dataset.map at 0x7fb5c3c03740>
         └ typing.Union
  File "/opt/conda/envs/cse234/lib/python3.12/site-packages/datasets/arrow_dataset.py", line 3633, in map
    for rank, done, content in Dataset._map_single(**unprocessed_kwargs):
        │     │     │          │       │             └ {'shard': Dataset({
        │     │     │          │       │                   features: ['question_id', 'db_id', 'question', 'gold_sql', 'schema_links'],
        │     │     │          │       │                   num_rows: 72
        │     │     │          │       │               }), 'fun...
        │     │     │          │       └ <staticmethod(<function Dataset._map_single at 0x7fb5c3c03880>)>
        │     │     │          └ <class 'datasets.arrow_dataset.Dataset'>
        │     │     └ 0
        │     └ False
        └ None
  File "/opt/conda/envs/cse234/lib/python3.12/site-packages/datasets/arrow_dataset.py", line 3973, in _map_single
    for i, example in iter_outputs(shard_iterable):
                      │            └ <enumerate object at 0x7fb5987afe70>
                      └ <function Dataset._map_single.<locals>.iter_outputs at 0x7fb190a75d00>
  File "/opt/conda/envs/cse234/lib/python3.12/site-packages/datasets/arrow_dataset.py", line 3951, in iter_outputs
    yield i, apply_function(example, i, offset=offset)
          │  │              │        │         └ 0
          │  │              │        └ 0
          │  │              └ pyarrow.Table
          │  │                question_id: int64
          │  │                db_id: string
          │  │                question: string
          │  │                gold_sql: string
          │  │                schema_links: struct<ACC_EM_Chronic_Absentee...
          │  └ <function Dataset._map_single.<locals>.apply_function at 0x7fb190a75300>
          └ 0
  File "/opt/conda/envs/cse234/lib/python3.12/site-packages/datasets/arrow_dataset.py", line 3872, in apply_function
    processed_inputs = function(*fn_args, *additional_args, **fn_kwargs)
                       │         │         │                  └ {}
                       │         │         └ ()
                       │         └ [{'question_id': 210, 'db_id': 'SBODemoUS-Service', 'question': "What is the renewal status of the contracts with the custome...
                       └ <function formatting_function at 0x7fb5987bf9c0>

  File "/tmp/ipykernel_7079/4266756885.py", line 4, in formatting_function

NameError: name 'SYSTEM_PROMPT' is not defined
2026-05-22 22:28:53 | schema-linking-baseline-qwen-lora | controller-shm | WARNING | shm_manager.py:492 | Model '16' not found in shared memory during delete
2026-05-22 22:28:53 | schema-linking-baseline-qwen-lora | controller | ERROR | controller.py:788 | Run 16 has failed: name 'SYSTEM_PROMPT' is not definedTraceback (most recent call last):
  File "/opt/conda/envs/cse234/lib/python3.12/site-packages/rapidfireai/fit/backend/worker.py", line 676, in serve_forever
    self.run_fit(
  File "/opt/conda/envs/cse234/lib/python3.12/site-packages/rapidfireai/fit/backend/worker.py", line 354, in run_fit
    trainer_instance, base_model_name = create_trainer_instance(
                                        ^^^^^^^^^^^^^^^^^^^^^^^^
  File "/opt/conda/envs/cse234/lib/python3.12/site-packages/rapidfireai/fit/ml/trainer.py", line 425, in create_trainer_instance
    _prepare_trainer_kwargs(
  File "/opt/conda/envs/cse234/lib/python3.12/site-packages/rapidfireai/fit/ml/trainer.py", line 662, in _prepare_trainer_kwargs
    train_dataset = train_dataset.map(
                    ^^^^^^^^^^^^^^^^^^
  File "/opt/conda/envs/cse234/lib/python3.12/site-packages/datasets/arrow_dataset.py", line 575, in wrapper
    out: Union["Dataset", "DatasetDict"] = func(self, *args, **kwargs)
                                           ^^^^^^^^^^^^^^^^^^^^^^^^^^^
  File "/opt/conda/envs/cse234/lib/python3.12/site-packages/datasets/arrow_dataset.py", line 3633, in map
    for rank, done, content in Dataset._map_single(**unprocessed_kwargs):
                               ^^^^^^^^^^^^^^^^^^^^^^^^^^^^^^^^^^^^^^^^^
  File "/opt/conda/envs/cse234/lib/python3.12/site-packages/datasets/arrow_dataset.py", line 3973, in _map_single
    for i, example in iter_outputs(shard_iterable):
                      ^^^^^^^^^^^^^^^^^^^^^^^^^^^^
  File "/opt/conda/envs/cse234/lib/python3.12/site-packages/datasets/arrow_dataset.py", line 3951, in iter_outputs
    yield i, apply_function(example, i, offset=offset)
             ^^^^^^^^^^^^^^^^^^^^^^^^^^^^^^^^^^^^^^^^^
  File "/opt/conda/envs/cse234/lib/python3.12/site-packages/datasets/arrow_dataset.py", line 3872, in apply_function
    processed_inputs = function(*fn_args, *additional_args, **fn_kwargs)
                       ^^^^^^^^^^^^^^^^^^^^^^^^^^^^^^^^^^^^^^^^^^^^^^^^^
  File "/tmp/ipykernel_7079/4266756885.py", line 4, in formatting_function
NameError: name 'SYSTEM_PROMPT' is not defined

2026-05-22 22:28:53 | schema-linking-baseline-qwen-lora | controller | DEBUG | controller.py:789 | Removed run 16 from scheduler
2026-05-22 22:28:53 | schema-linking-baseline-qwen-lora | controller | DEBUG | controller.py:886 | Scheduled run 14 on workers (0,) for chunk 0
2026-05-22 22:28:53 | schema-linking-baseline-qwen-lora | worker_0 | DEBUG | worker.py:667 | Received task WorkerTask.TRAIN_VAL for run 14
2026-05-22 22:28:53 | schema-linking-baseline-qwen-lora | worker_0 | DEBUG | worker.py:205 | Received run_fit on worker for run 14 with chunk 0
2026-05-22 22:29:28 | schema-linking-baseline-qwen-lora | worker_0 | ERROR | worker.py:524 | Error during training for run 14: name 'SYSTEM_PROMPT' is not defined
2026-05-22 22:29:29 | schema-linking-baseline-qwen-lora | worker_0 | ERROR | worker.py:683 | Error while running run_fit for run 14 and chunk 0: name 'SYSTEM_PROMPT' is not defined
Traceback (most recent call last):

  File "<string>", line 1, in <module>
  File "/opt/conda/envs/cse234/lib/python3.12/multiprocessing/spawn.py", line 122, in spawn_main
    exitcode = _main(fd, parent_sentinel)
               │     │   └ 3
               │     └ 136
               └ <function _main at 0x7fb82d7eae80>
  File "/opt/conda/envs/cse234/lib/python3.12/multiprocessing/spawn.py", line 135, in _main
    return self._bootstrap(parent_sentinel)
           │    │          └ 3
           │    └ <function BaseProcess._bootstrap at 0x7fb82d8d51c0>
           └ <Process name='Process-4' parent=7079 started>
  File "/opt/conda/envs/cse234/lib/python3.12/multiprocessing/process.py", line 314, in _bootstrap
    self.run()
    │    └ <function BaseProcess.run at 0x7fb82d8d4720>
    └ <Process name='Process-4' parent=7079 started>
  File "/opt/conda/envs/cse234/lib/python3.12/multiprocessing/process.py", line 108, in run
    self._target(*self._args, **self._kwargs)
    │    │        │    │        │    └ {}
    │    │        │    │        └ <Process name='Process-4' parent=7079 started>
    │    │        │    └ (0, <DictProxy object, typeid 'dict' at 0x7fb5988b0cb0>, <AcquirerProxy object, typeid 'Lock' at 0x7fb5988db7a0>, <Event at 0...
    │    │        └ <Process name='Process-4' parent=7079 started>
    │    └ <function worker_process_target at 0x7fb7e1f72700>
    └ <Process name='Process-4' parent=7079 started>
  File "/opt/conda/envs/cse234/lib/python3.12/site-packages/rapidfireai/fit/utils/worker_manager.py", line 44, in worker_process_target
    worker.serve_forever()
    │      └ <function Worker.serve_forever at 0x7fb5987bc360>
    └ <rapidfireai.fit.backend.worker.Worker object at 0x7fb5988d9ac0>
> File "/opt/conda/envs/cse234/lib/python3.12/site-packages/rapidfireai/fit/backend/worker.py", line 676, in serve_forever
    self.run_fit(
    │    └ <function Worker.run_fit at 0x7fb5987bc2c0>
    └ <rapidfireai.fit.backend.worker.Worker object at 0x7fb5988d9ac0>
  File "/opt/conda/envs/cse234/lib/python3.12/site-packages/rapidfireai/fit/backend/worker.py", line 354, in run_fit
    trainer_instance, base_model_name = create_trainer_instance(
                                        └ <function create_trainer_instance at 0x7fb5c105c180>
  File "/opt/conda/envs/cse234/lib/python3.12/site-packages/rapidfireai/fit/ml/trainer.py", line 425, in create_trainer_instance
    _prepare_trainer_kwargs(
    └ <function _prepare_trainer_kwargs at 0x7fb5be58fe20>
  File "/opt/conda/envs/cse234/lib/python3.12/site-packages/rapidfireai/fit/ml/trainer.py", line 662, in _prepare_trainer_kwargs
    train_dataset = train_dataset.map(
                    │             └ <function Dataset.map at 0x7fb5c3c037e0>
                    └ Dataset({
                          features: ['question_id', 'db_id', 'question', 'gold_sql', 'schema_links'],
                          num_rows: 72
                      })
  File "/opt/conda/envs/cse234/lib/python3.12/site-packages/datasets/arrow_dataset.py", line 575, in wrapper
    out: Union["Dataset", "DatasetDict"] = func(self, *args, **kwargs)
         │                                 │    │      │       └ {}
         │                                 │    │      └ (<function formatting_function at 0x7fb188b36700>,)
         │                                 │    └ Dataset({
         │                                 │          features: ['question_id', 'db_id', 'question', 'gold_sql', 'schema_links'],
         │                                 │          num_rows: 72
         │                                 │      })
         │                                 └ <function Dataset.map at 0x7fb5c3c03740>
         └ typing.Union
  File "/opt/conda/envs/cse234/lib/python3.12/site-packages/datasets/arrow_dataset.py", line 3633, in map
    for rank, done, content in Dataset._map_single(**unprocessed_kwargs):
        │     │     │          │       │             └ {'shard': Dataset({
        │     │     │          │       │                   features: ['question_id', 'db_id', 'question', 'gold_sql', 'schema_links'],
        │     │     │          │       │                   num_rows: 72
        │     │     │          │       │               }), 'fun...
        │     │     │          │       └ <staticmethod(<function Dataset._map_single at 0x7fb5c3c03880>)>
        │     │     │          └ <class 'datasets.arrow_dataset.Dataset'>
        │     │     └ 0
        │     └ False
        └ None
  File "/opt/conda/envs/cse234/lib/python3.12/site-packages/datasets/arrow_dataset.py", line 3973, in _map_single
    for i, example in iter_outputs(shard_iterable):
                      │            └ <enumerate object at 0x7fb5976d3bf0>
                      └ <function Dataset._map_single.<locals>.iter_outputs at 0x7fb190a75940>
  File "/opt/conda/envs/cse234/lib/python3.12/site-packages/datasets/arrow_dataset.py", line 3951, in iter_outputs
    yield i, apply_function(example, i, offset=offset)
          │  │              │        │         └ 0
          │  │              │        └ 0
          │  │              └ pyarrow.Table
          │  │                question_id: int64
          │  │                db_id: string
          │  │                question: string
          │  │                gold_sql: string
          │  │                schema_links: struct<ACC_EM_Chronic_Absentee...
          │  └ <function Dataset._map_single.<locals>.apply_function at 0x7fb188b376a0>
          └ 0
  File "/opt/conda/envs/cse234/lib/python3.12/site-packages/datasets/arrow_dataset.py", line 3872, in apply_function
    processed_inputs = function(*fn_args, *additional_args, **fn_kwargs)
                       │         │         │                  └ {}
                       │         │         └ ()
                       │         └ [{'question_id': 210, 'db_id': 'SBODemoUS-Service', 'question': "What is the renewal status of the contracts with the custome...
                       └ <function formatting_function at 0x7fb188b36700>

  File "/tmp/ipykernel_7079/4266756885.py", line 4, in formatting_function

NameError: name 'SYSTEM_PROMPT' is not defined
2026-05-22 22:29:29 | schema-linking-baseline-qwen-lora | controller-shm | WARNING | shm_manager.py:492 | Model '14' not found in shared memory during delete
2026-05-22 22:29:29 | schema-linking-baseline-qwen-lora | controller | ERROR | controller.py:788 | Run 14 has failed: name 'SYSTEM_PROMPT' is not definedTraceback (most recent call last):
  File "/opt/conda/envs/cse234/lib/python3.12/site-packages/rapidfireai/fit/backend/worker.py", line 676, in serve_forever
    self.run_fit(
  File "/opt/conda/envs/cse234/lib/python3.12/site-packages/rapidfireai/fit/backend/worker.py", line 354, in run_fit
    trainer_instance, base_model_name = create_trainer_instance(
                                        ^^^^^^^^^^^^^^^^^^^^^^^^
  File "/opt/conda/envs/cse234/lib/python3.12/site-packages/rapidfireai/fit/ml/trainer.py", line 425, in create_trainer_instance
    _prepare_trainer_kwargs(
  File "/opt/conda/envs/cse234/lib/python3.12/site-packages/rapidfireai/fit/ml/trainer.py", line 662, in _prepare_trainer_kwargs
    train_dataset = train_dataset.map(
                    ^^^^^^^^^^^^^^^^^^
  File "/opt/conda/envs/cse234/lib/python3.12/site-packages/datasets/arrow_dataset.py", line 575, in wrapper
    out: Union["Dataset", "DatasetDict"] = func(self, *args, **kwargs)
                                           ^^^^^^^^^^^^^^^^^^^^^^^^^^^
  File "/opt/conda/envs/cse234/lib/python3.12/site-packages/datasets/arrow_dataset.py", line 3633, in map
    for rank, done, content in Dataset._map_single(**unprocessed_kwargs):
                               ^^^^^^^^^^^^^^^^^^^^^^^^^^^^^^^^^^^^^^^^^
  File "/opt/conda/envs/cse234/lib/python3.12/site-packages/datasets/arrow_dataset.py", line 3973, in _map_single
    for i, example in iter_outputs(shard_iterable):
                      ^^^^^^^^^^^^^^^^^^^^^^^^^^^^
  File "/opt/conda/envs/cse234/lib/python3.12/site-packages/datasets/arrow_dataset.py", line 3951, in iter_outputs
    yield i, apply_function(example, i, offset=offset)
             ^^^^^^^^^^^^^^^^^^^^^^^^^^^^^^^^^^^^^^^^^
  File "/opt/conda/envs/cse234/lib/python3.12/site-packages/datasets/arrow_dataset.py", line 3872, in apply_function
    processed_inputs = function(*fn_args, *additional_args, **fn_kwargs)
                       ^^^^^^^^^^^^^^^^^^^^^^^^^^^^^^^^^^^^^^^^^^^^^^^^^
  File "/tmp/ipykernel_7079/4266756885.py", line 4, in formatting_function
NameError: name 'SYSTEM_PROMPT' is not defined

2026-05-22 22:29:29 | schema-linking-baseline-qwen-lora | controller | DEBUG | controller.py:789 | Removed run 14 from scheduler
2026-05-22 22:29:29 | schema-linking-baseline-qwen-lora | controller | DEBUG | controller.py:886 | Scheduled run 15 on workers (0,) for chunk 0
2026-05-22 22:29:30 | schema-linking-baseline-qwen-lora | worker_0 | DEBUG | worker.py:667 | Received task WorkerTask.TRAIN_VAL for run 15
2026-05-22 22:29:30 | schema-linking-baseline-qwen-lora | worker_0 | DEBUG | worker.py:205 | Received run_fit on worker for run 15 with chunk 0
2026-05-22 22:29:39 | schema-linking-baseline-qwen-lora | worker_0 | DEBUG | worker_manager.py:46 | Worker 0 interrupted
2026-05-22 22:29:39 | schema-linking-baseline-qwen-lora | worker_0 | INFO | worker_manager.py:50 | Worker 0 process exiting
2026-05-22 22:29:39 | schema-linking-baseline-qwen-lora | worker_0 | DEBUG | worker.py:712 | Worker 0 shutdown requested
2026-05-22 22:30:11 | schema-linking-baseline-qwen-lora | controller | DEBUG | controller.py:67 | Found 1 workers/GPUs.
2026-05-22 22:30:11 | schema-linking-baseline-qwen-lora | controller | INFO | metric_rfmetric_manager.py:55 | Initialized MLflowMetricLogger: rf_mlflow
2026-05-22 22:30:11 | schema-linking-baseline-qwen-lora | controller | DEBUG | controller.py:95 | Controller initialized
2026-05-22 22:30:11 | schema-linking-baseline-qwen-lora | controller | DEBUG | controller.py:594 | Set experiment task to Create Models.
2026-05-22 22:30:11 | schema-linking-baseline-qwen-lora | controller | DEBUG | controller.py:607 | Saved datasets to /home/duw003/rapidfireai/rapidfire_experiments/schema-linking-baseline-qwen-lora/datasets.dill
2026-05-22 22:30:11 | schema-linking-baseline-qwen-lora | controller | INFO | controller.py:613 | Set seed to 42
2026-05-22 22:30:11 | schema-linking-baseline-qwen-lora | controller | INFO | metric_rfmetric_manager.py:141 | Created MLflow run: 6432fd9b78f14dfe95f106823fe13af3, 17
2026-05-22 22:30:11 | schema-linking-baseline-qwen-lora | controller | DEBUG | controller.py:200 | Populated MetricLogger with model config info for run 17.
2026-05-22 22:30:11 | schema-linking-baseline-qwen-lora | controller | INFO | metric_rfmetric_manager.py:141 | Created MLflow run: db5e80382f76448aa1b9ddd4ff8980bd, 18
2026-05-22 22:30:12 | schema-linking-baseline-qwen-lora | controller | DEBUG | controller.py:200 | Populated MetricLogger with model config info for run 18.
2026-05-22 22:30:12 | schema-linking-baseline-qwen-lora | controller | INFO | metric_rfmetric_manager.py:141 | Created MLflow run: e8c0b1d695ed4d79af7a358d84080b3c, 19
2026-05-22 22:30:12 | schema-linking-baseline-qwen-lora | controller | DEBUG | controller.py:200 | Populated MetricLogger with model config info for run 19.
2026-05-22 22:30:12 | schema-linking-baseline-qwen-lora | controller | INFO | metric_rfmetric_manager.py:141 | Created MLflow run: 3f8e8da75038415cb92d76cda57d6f7d, 20
2026-05-22 22:30:12 | schema-linking-baseline-qwen-lora | controller | DEBUG | controller.py:200 | Populated MetricLogger with model config info for run 20.
2026-05-22 22:30:12 | schema-linking-baseline-qwen-lora | controller | INFO | metric_rfmetric_manager.py:141 | Created MLflow run: 57f81dbd75044b3685c22951564187d5, 21
2026-05-22 22:30:12 | schema-linking-baseline-qwen-lora | controller | DEBUG | controller.py:200 | Populated MetricLogger with model config info for run 21.
2026-05-22 22:30:12 | schema-linking-baseline-qwen-lora | controller | INFO | metric_rfmetric_manager.py:141 | Created MLflow run: 2d2db48707e04023a747bdc7023a4ae9, 22
2026-05-22 22:30:13 | schema-linking-baseline-qwen-lora | controller | DEBUG | controller.py:200 | Populated MetricLogger with model config info for run 22.
2026-05-22 22:30:13 | schema-linking-baseline-qwen-lora | controller | INFO | metric_rfmetric_manager.py:141 | Created MLflow run: 4b559cc8c87047b881d95d984c7a964c, 23
2026-05-22 22:30:13 | schema-linking-baseline-qwen-lora | controller | DEBUG | controller.py:200 | Populated MetricLogger with model config info for run 23.
2026-05-22 22:30:13 | schema-linking-baseline-qwen-lora | controller | INFO | metric_rfmetric_manager.py:141 | Created MLflow run: ad7764444d134a089b1cbdfc7a2fff81, 24
2026-05-22 22:30:13 | schema-linking-baseline-qwen-lora | controller | DEBUG | controller.py:200 | Populated MetricLogger with model config info for run 24.
2026-05-22 22:30:13 | schema-linking-baseline-qwen-lora | controller | INFO | controller.py:220 | Created 8 runs - 
{   17: {   'additional_kwargs.generation_config.do_sample': False,
            'additional_kwargs.generation_config.max_new_tokens': 256,
            'additional_kwargs.generation_config.repetition_penalty': 1.02,
            'additional_kwargs.generation_config.temperature': None,
            'additional_kwargs.generation_config.top_p': None,
            'model_kwargs.device_map': 'auto',
            'model_kwargs.use_cache': False,
            'model_name': 'Qwen/Qwen2.5-0.5B-Instruct',
            'model_type': 'causal_lm',
            'peft_params.bias': 'none',
            'peft_params.lora_alpha': 16,
            'peft_params.lora_dropout': 0.05,
            'peft_params.r': 8,
            'peft_params.target_modules': ['q_proj', 'v_proj'],
            'tokenizer': None,
            'tokenizer_kwargs': None,
            'trainer_type': 'SFT',
            'training_args.bf16': True,
            'training_args.eval_steps': 25,
            'training_args.eval_strategy': 'steps',
            'training_args.gradient_accumulation_steps': 8,
            'training_args.learning_rate': 0.0002,
            'training_args.logging_steps': 5,
            'training_args.lr_scheduler_type': 'linear',
            'training_args.num_train_epochs': 4,
            'training_args.per_device_eval_batch_size': 4,
            'training_args.per_device_train_batch_size': 4,
            'training_args.save_steps': 25},
    18: {   'additional_kwargs.generation_config.do_sample': False,
            'additional_kwargs.generation_config.max_new_tokens': 256,
            'additional_kwargs.generation_config.repetition_penalty': 1.02,
            'additional_kwargs.generation_config.temperature': None,
            'additional_kwargs.generation_config.top_p': None,
            'model_kwargs.device_map': 'auto',
            'model_kwargs.use_cache': False,
            'model_name': 'Qwen/Qwen2.5-0.5B-Instruct',
            'model_type': 'causal_lm',
            'peft_params.bias': 'none',
            'peft_params.lora_alpha': 32,
            'peft_params.lora_dropout': 0.05,
            'peft_params.r': 16,
            'peft_params.target_modules': ['q_proj', 'k_proj', 'v_proj', 'o_proj'],
            'tokenizer': None,
            'tokenizer_kwargs': None,
            'trainer_type': 'SFT',
            'training_args.bf16': True,
            'training_args.eval_steps': 25,
            'training_args.eval_strategy': 'steps',
            'training_args.gradient_accumulation_steps': 8,
            'training_args.learning_rate': 0.0002,
            'training_args.logging_steps': 5,
            'training_args.lr_scheduler_type': 'linear',
            'training_args.num_train_epochs': 4,
            'training_args.per_device_eval_batch_size': 4,
            'training_args.per_device_train_batch_size': 4,
            'training_args.save_steps': 25},
    19: {   'additional_kwargs.generation_config.do_sample': False,
            'additional_kwargs.generation_config.max_new_tokens': 256,
            'additional_kwargs.generation_config.repetition_penalty': 1.02,
            'additional_kwargs.generation_config.temperature': None,
            'additional_kwargs.generation_config.top_p': None,
            'model_kwargs.device_map': 'auto',
            'model_kwargs.use_cache': False,
            'model_name': 'Qwen/Qwen2.5-0.5B-Instruct',
            'model_type': 'causal_lm',
            'peft_params.bias': 'none',
            'peft_params.lora_alpha': 16,
            'peft_params.lora_dropout': 0.05,
            'peft_params.r': 8,
            'peft_params.target_modules': ['q_proj', 'v_proj'],
            'tokenizer': None,
            'tokenizer_kwargs': None,
            'trainer_type': 'SFT',
            'training_args.bf16': True,
            'training_args.eval_steps': 25,
            'training_args.eval_strategy': 'steps',
            'training_args.gradient_accumulation_steps': 8,
            'training_args.learning_rate': 0.0005,
            'training_args.logging_steps': 5,
            'training_args.lr_scheduler_type': 'cosine',
            'training_args.num_train_epochs': 4,
            'training_args.per_device_eval_batch_size': 1,
            'training_args.per_device_train_batch_size': 1,
            'training_args.save_steps': 25},
    20: {   'additional_kwargs.generation_config.do_sample': False,
            'additional_kwargs.generation_config.max_new_tokens': 256,
            'additional_kwargs.generation_config.repetition_penalty': 1.02,
            'additional_kwargs.generation_config.temperature': None,
            'additional_kwargs.generation_config.top_p': None,
            'model_kwargs.device_map': 'auto',
            'model_kwargs.use_cache': False,
            'model_name': 'Qwen/Qwen2.5-0.5B-Instruct',
            'model_type': 'causal_lm',
            'peft_params.bias': 'none',
            'peft_params.lora_alpha': 32,
            'peft_params.lora_dropout': 0.05,
            'peft_params.r': 16,
            'peft_params.target_modules': ['q_proj', 'k_proj', 'v_proj', 'o_proj'],
            'tokenizer': None,
            'tokenizer_kwargs': None,
            'trainer_type': 'SFT',
            'training_args.bf16': True,
            'training_args.eval_steps': 25,
            'training_args.eval_strategy': 'steps',
            'training_args.gradient_accumulation_steps': 8,
            'training_args.learning_rate': 0.0005,
            'training_args.logging_steps': 5,
            'training_args.lr_scheduler_type': 'cosine',
            'training_args.num_train_epochs': 4,
            'training_args.per_device_eval_batch_size': 1,
            'training_args.per_device_train_batch_size': 1,
            'training_args.save_steps': 25},
    21: {   'additional_kwargs.generation_config.do_sample': False,
            'additional_kwargs.generation_config.max_new_tokens': 256,
            'additional_kwargs.generation_config.repetition_penalty': 1.02,
            'additional_kwargs.generation_config.temperature': None,
            'additional_kwargs.generation_config.top_p': None,
            'model_kwargs.device_map': 'auto',
            'model_kwargs.use_cache': False,
            'model_name': 'Qwen/Qwen2.5-1.5B-Instruct',
            'model_type': 'causal_lm',
            'peft_params.bias': 'none',
            'peft_params.lora_alpha': 16,
            'peft_params.lora_dropout': 0.05,
            'peft_params.r': 8,
            'peft_params.target_modules': ['q_proj', 'v_proj'],
            'tokenizer': None,
            'tokenizer_kwargs': None,
            'trainer_type': 'SFT',
            'training_args.bf16': True,
            'training_args.eval_steps': 25,
            'training_args.eval_strategy': 'steps',
            'training_args.gradient_accumulation_steps': 8,
            'training_args.learning_rate': 0.0001,
            'training_args.logging_steps': 5,
            'training_args.lr_scheduler_type': 'cosine',
            'training_args.num_train_epochs': 3,
            'training_args.per_device_eval_batch_size': 1,
            'training_args.per_device_train_batch_size': 1,
            'training_args.save_steps': 25},
    22: {   'additional_kwargs.generation_config.do_sample': False,
            'additional_kwargs.generation_config.max_new_tokens': 256,
            'additional_kwargs.generation_config.repetition_penalty': 1.02,
            'additional_kwargs.generation_config.temperature': None,
            'additional_kwargs.generation_config.top_p': None,
            'model_kwargs.device_map': 'auto',
            'model_kwargs.use_cache': False,
            'model_name': 'Qwen/Qwen2.5-1.5B-Instruct',
            'model_type': 'causal_lm',
            'peft_params.bias': 'none',
            'peft_params.lora_alpha': 32,
            'peft_params.lora_dropout': 0.05,
            'peft_params.r': 16,
            'peft_params.target_modules': ['q_proj', 'k_proj', 'v_proj', 'o_proj'],
            'tokenizer': None,
            'tokenizer_kwargs': None,
            'trainer_type': 'SFT',
            'training_args.bf16': True,
            'training_args.eval_steps': 25,
            'training_args.eval_strategy': 'steps',
            'training_args.gradient_accumulation_steps': 8,
            'training_args.learning_rate': 0.0001,
            'training_args.logging_steps': 5,
            'training_args.lr_scheduler_type': 'cosine',
            'training_args.num_train_epochs': 3,
            'training_args.per_device_eval_batch_size': 1,
            'training_args.per_device_train_batch_size': 1,
            'training_args.save_steps': 25},
    23: {   'additional_kwargs.generation_config.do_sample': False,
            'additional_kwargs.generation_config.max_new_tokens': 256,
            'additional_kwargs.generation_config.repetition_penalty': 1.02,
            'additional_kwargs.generation_config.temperature': None,
            'additional_kwargs.generation_config.top_p': None,
            'model_kwargs.device_map': 'auto',
            'model_kwargs.use_cache': False,
            'model_name': 'Qwen/Qwen2.5-1.5B-Instruct',
            'model_type': 'causal_lm',
            'peft_params.bias': 'none',
            'peft_params.lora_alpha': 16,
            'peft_params.lora_dropout': 0.05,
            'peft_params.r': 8,
            'peft_params.target_modules': ['q_proj', 'v_proj'],
            'tokenizer': None,
            'tokenizer_kwargs': None,
            'trainer_type': 'SFT',
            'training_args.bf16': True,
            'training_args.eval_steps': 25,
            'training_args.eval_strategy': 'steps',
            'training_args.gradient_accumulation_steps': 8,
            'training_args.learning_rate': 0.0002,
            'training_args.logging_steps': 5,
            'training_args.lr_scheduler_type': 'cosine',
            'training_args.num_train_epochs': 3,
            'training_args.per_device_eval_batch_size': 1,
            'training_args.per_device_train_batch_size': 1,
            'training_args.save_steps': 25},
    24: {   'additional_kwargs.generation_config.do_sample': False,
            'additional_kwargs.generation_config.max_new_tokens': 256,
            'additional_kwargs.generation_config.repetition_penalty': 1.02,
            'additional_kwargs.generation_config.temperature': None,
            'additional_kwargs.generation_config.top_p': None,
            'model_kwargs.device_map': 'auto',
            'model_kwargs.use_cache': False,
            'model_name': 'Qwen/Qwen2.5-1.5B-Instruct',
            'model_type': 'causal_lm',
            'peft_params.bias': 'none',
            'peft_params.lora_alpha': 32,
            'peft_params.lora_dropout': 0.05,
            'peft_params.r': 16,
            'peft_params.target_modules': ['q_proj', 'k_proj', 'v_proj', 'o_proj'],
            'tokenizer': None,
            'tokenizer_kwargs': None,
            'trainer_type': 'SFT',
            'training_args.bf16': True,
            'training_args.eval_steps': 25,
            'training_args.eval_strategy': 'steps',
            'training_args.gradient_accumulation_steps': 8,
            'training_args.learning_rate': 0.0002,
            'training_args.logging_steps': 5,
            'training_args.lr_scheduler_type': 'cosine',
            'training_args.num_train_epochs': 3,
            'training_args.per_device_eval_batch_size': 1,
            'training_args.per_device_train_batch_size': 1,
            'training_args.save_steps': 25}}
2026-05-22 22:30:13 | schema-linking-baseline-qwen-lora | controller | DEBUG | controller.py:223 | Got 8 runs for Initial.
2026-05-22 22:30:13 | schema-linking-baseline-qwen-lora | controller | DEBUG | controller.py:227 | Completed creating models.
2026-05-22 22:30:13 | schema-linking-baseline-qwen-lora | controller | DEBUG | controller.py:625 | Created models.
2026-05-22 22:30:13 | schema-linking-baseline-qwen-lora | controller | DEBUG | controller.py:631 | Set experiment task to Training and Validation.
2026-05-22 22:30:13 | schema-linking-baseline-qwen-lora | worker_manager | DEBUG | worker_manager.py:115 | Creating 1 worker processes...
2026-05-22 22:30:13 | schema-linking-baseline-qwen-lora | worker_manager | DEBUG | worker_manager.py:121 | Starting worker processes in process group 7079
2026-05-22 22:30:13 | schema-linking-baseline-qwen-lora | worker_manager | DEBUG | worker_manager.py:149 | Started Worker 0 with PID 9882
2026-05-22 22:30:13 | schema-linking-baseline-qwen-lora | worker_manager | INFO | worker_manager.py:156 | Started 1 worker processes successfully
2026-05-22 22:30:13 | schema-linking-baseline-qwen-lora | controller | DEBUG | controller.py:637 | Created 1 workers.
2026-05-22 22:30:13 | schema-linking-baseline-qwen-lora | controller | INFO | controller.py:659 | Starting Training and Validation
2026-05-22 22:30:13 | schema-linking-baseline-qwen-lora | controller | DEBUG | controller.py:828 | Added run 15 to scheduler with 0 chunks visited
2026-05-22 22:30:14 | schema-linking-baseline-qwen-lora | controller | DEBUG | controller.py:886 | Scheduled run 17 on workers (0,) for chunk 0
2026-05-22 22:30:27 | schema-linking-baseline-qwen-lora | worker_0 | DEBUG | worker.py:157 | Worker 0 initialized with PID 9882
2026-05-22 22:30:27 | schema-linking-baseline-qwen-lora | worker_0 | INFO | metric_rfmetric_manager.py:55 | Initialized MLflowMetricLogger: rf_mlflow
2026-05-22 22:30:27 | schema-linking-baseline-qwen-lora | worker_0 | DEBUG | worker.py:192 | Loaded datasets
2026-05-22 22:30:27 | schema-linking-baseline-qwen-lora | worker_0 | DEBUG | worker.py:667 | Received task WorkerTask.TRAIN_VAL for run 17
2026-05-22 22:30:27 | schema-linking-baseline-qwen-lora | worker_0 | DEBUG | worker.py:205 | Received run_fit on worker for run 17 with chunk 0
2026-05-22 22:31:48 | schema-linking-baseline-qwen-lora | worker-0-shm | DEBUG | shm_manager.py:348 | Saved base_model for run Qwen/Qwen2.5-0.5B-Instruct
2026-05-22 22:31:48 | schema-linking-baseline-qwen-lora | worker_0 | ERROR | worker.py:524 | Error during training for run 17: name 'SYSTEM_PROMPT' is not defined
2026-05-22 22:31:49 | schema-linking-baseline-qwen-lora | worker_0 | ERROR | worker.py:683 | Error while running run_fit for run 17 and chunk 0: name 'SYSTEM_PROMPT' is not defined
Traceback (most recent call last):

  File "<string>", line 1, in <module>
  File "/opt/conda/envs/cse234/lib/python3.12/multiprocessing/spawn.py", line 122, in spawn_main
    exitcode = _main(fd, parent_sentinel)
               │     │   └ 3
               │     └ 136
               └ <function _main at 0x7fa4ca672e80>
  File "/opt/conda/envs/cse234/lib/python3.12/multiprocessing/spawn.py", line 135, in _main
    return self._bootstrap(parent_sentinel)
           │    │          └ 3
           │    └ <function BaseProcess._bootstrap at 0x7fa4ca7611c0>
           └ <Process name='Process-6' parent=7079 started>
  File "/opt/conda/envs/cse234/lib/python3.12/multiprocessing/process.py", line 314, in _bootstrap
    self.run()
    │    └ <function BaseProcess.run at 0x7fa4ca760720>
    └ <Process name='Process-6' parent=7079 started>
  File "/opt/conda/envs/cse234/lib/python3.12/multiprocessing/process.py", line 108, in run
    self._target(*self._args, **self._kwargs)
    │    │        │    │        │    └ {}
    │    │        │    │        └ <Process name='Process-6' parent=7079 started>
    │    │        │    └ (0, <DictProxy object, typeid 'dict' at 0x7fa235704920>, <AcquirerProxy object, typeid 'Lock' at 0x7fa259264620>, <Event at 0...
    │    │        └ <Process name='Process-6' parent=7079 started>
    │    └ <function worker_process_target at 0x7fa477572700>
    └ <Process name='Process-6' parent=7079 started>
  File "/opt/conda/envs/cse234/lib/python3.12/site-packages/rapidfireai/fit/utils/worker_manager.py", line 44, in worker_process_target
    worker.serve_forever()
    │      └ <function Worker.serve_forever at 0x7fa235634360>
    └ <rapidfireai.fit.backend.worker.Worker object at 0x7fa4ca657650>
> File "/opt/conda/envs/cse234/lib/python3.12/site-packages/rapidfireai/fit/backend/worker.py", line 676, in serve_forever
    self.run_fit(
    │    └ <function Worker.run_fit at 0x7fa2356342c0>
    └ <rapidfireai.fit.backend.worker.Worker object at 0x7fa4ca657650>
  File "/opt/conda/envs/cse234/lib/python3.12/site-packages/rapidfireai/fit/backend/worker.py", line 354, in run_fit
    trainer_instance, base_model_name = create_trainer_instance(
                                        └ <function create_trainer_instance at 0x7fa25df68180>
  File "/opt/conda/envs/cse234/lib/python3.12/site-packages/rapidfireai/fit/ml/trainer.py", line 425, in create_trainer_instance
    _prepare_trainer_kwargs(
    └ <function _prepare_trainer_kwargs at 0x7fa25b597e20>
  File "/opt/conda/envs/cse234/lib/python3.12/site-packages/rapidfireai/fit/ml/trainer.py", line 662, in _prepare_trainer_kwargs
    train_dataset = train_dataset.map(
                    │             └ <function Dataset.map at 0x7fa260b037e0>
                    └ Dataset({
                          features: ['question_id', 'db_id', 'question', 'gold_sql', 'schema_links', 'user_prompt', 'assistant_response']...
  File "/opt/conda/envs/cse234/lib/python3.12/site-packages/datasets/arrow_dataset.py", line 575, in wrapper
    out: Union["Dataset", "DatasetDict"] = func(self, *args, **kwargs)
         │                                 │    │      │       └ {}
         │                                 │    │      └ (<function formatting_function at 0x7fa235636840>,)
         │                                 │    └ Dataset({
         │                                 │          features: ['question_id', 'db_id', 'question', 'gold_sql', 'schema_links', 'user_prompt', 'assistant_response']...
         │                                 └ <function Dataset.map at 0x7fa260b03740>
         └ typing.Union
  File "/opt/conda/envs/cse234/lib/python3.12/site-packages/datasets/arrow_dataset.py", line 3633, in map
    for rank, done, content in Dataset._map_single(**unprocessed_kwargs):
        │     │     │          │       │             └ {'shard': Dataset({
        │     │     │          │       │                   features: ['question_id', 'db_id', 'question', 'gold_sql', 'schema_links', 'user_prompt', 'assistant_...
        │     │     │          │       └ <staticmethod(<function Dataset._map_single at 0x7fa260b03880>)>
        │     │     │          └ <class 'datasets.arrow_dataset.Dataset'>
        │     │     └ 0
        │     └ False
        └ None
  File "/opt/conda/envs/cse234/lib/python3.12/site-packages/datasets/arrow_dataset.py", line 3973, in _map_single
    for i, example in iter_outputs(shard_iterable):
                      │            └ <enumerate object at 0x7f9f41743fb0>
                      └ <function Dataset._map_single.<locals>.iter_outputs at 0x7f9f421f1620>
  File "/opt/conda/envs/cse234/lib/python3.12/site-packages/datasets/arrow_dataset.py", line 3951, in iter_outputs
    yield i, apply_function(example, i, offset=offset)
          │  │              │        │         └ 0
          │  │              │        └ 0
          │  │              └ pyarrow.Table
          │  │                question_id: int64
          │  │                db_id: string
          │  │                question: string
          │  │                gold_sql: string
          │  │                schema_links: struct<ACC_EM_Chronic_Absentee...
          │  └ <function Dataset._map_single.<locals>.apply_function at 0x7f9f421f1800>
          └ 0
  File "/opt/conda/envs/cse234/lib/python3.12/site-packages/datasets/arrow_dataset.py", line 3872, in apply_function
    processed_inputs = function(*fn_args, *additional_args, **fn_kwargs)
                       │         │         │                  └ {}
                       │         │         └ ()
                       │         └ [{'question_id': 210, 'db_id': 'SBODemoUS-Service', 'question': "What is the renewal status of the contracts with the custome...
                       └ <function formatting_function at 0x7fa235636840>

  File "/tmp/ipykernel_7079/4266756885.py", line 4, in formatting_function

NameError: name 'SYSTEM_PROMPT' is not defined
2026-05-22 22:31:49 | schema-linking-baseline-qwen-lora | controller-shm | WARNING | shm_manager.py:492 | Model '17' not found in shared memory during delete
2026-05-22 22:31:49 | schema-linking-baseline-qwen-lora | controller | ERROR | controller.py:788 | Run 17 has failed: name 'SYSTEM_PROMPT' is not definedTraceback (most recent call last):
  File "/opt/conda/envs/cse234/lib/python3.12/site-packages/rapidfireai/fit/backend/worker.py", line 676, in serve_forever
    self.run_fit(
  File "/opt/conda/envs/cse234/lib/python3.12/site-packages/rapidfireai/fit/backend/worker.py", line 354, in run_fit
    trainer_instance, base_model_name = create_trainer_instance(
                                        ^^^^^^^^^^^^^^^^^^^^^^^^
  File "/opt/conda/envs/cse234/lib/python3.12/site-packages/rapidfireai/fit/ml/trainer.py", line 425, in create_trainer_instance
    _prepare_trainer_kwargs(
  File "/opt/conda/envs/cse234/lib/python3.12/site-packages/rapidfireai/fit/ml/trainer.py", line 662, in _prepare_trainer_kwargs
    train_dataset = train_dataset.map(
                    ^^^^^^^^^^^^^^^^^^
  File "/opt/conda/envs/cse234/lib/python3.12/site-packages/datasets/arrow_dataset.py", line 575, in wrapper
    out: Union["Dataset", "DatasetDict"] = func(self, *args, **kwargs)
                                           ^^^^^^^^^^^^^^^^^^^^^^^^^^^
  File "/opt/conda/envs/cse234/lib/python3.12/site-packages/datasets/arrow_dataset.py", line 3633, in map
    for rank, done, content in Dataset._map_single(**unprocessed_kwargs):
                               ^^^^^^^^^^^^^^^^^^^^^^^^^^^^^^^^^^^^^^^^^
  File "/opt/conda/envs/cse234/lib/python3.12/site-packages/datasets/arrow_dataset.py", line 3973, in _map_single
    for i, example in iter_outputs(shard_iterable):
                      ^^^^^^^^^^^^^^^^^^^^^^^^^^^^
  File "/opt/conda/envs/cse234/lib/python3.12/site-packages/datasets/arrow_dataset.py", line 3951, in iter_outputs
    yield i, apply_function(example, i, offset=offset)
             ^^^^^^^^^^^^^^^^^^^^^^^^^^^^^^^^^^^^^^^^^
  File "/opt/conda/envs/cse234/lib/python3.12/site-packages/datasets/arrow_dataset.py", line 3872, in apply_function
    processed_inputs = function(*fn_args, *additional_args, **fn_kwargs)
                       ^^^^^^^^^^^^^^^^^^^^^^^^^^^^^^^^^^^^^^^^^^^^^^^^^
  File "/tmp/ipykernel_7079/4266756885.py", line 4, in formatting_function
NameError: name 'SYSTEM_PROMPT' is not defined

2026-05-22 22:31:49 | schema-linking-baseline-qwen-lora | controller | DEBUG | controller.py:789 | Removed run 17 from scheduler
2026-05-22 22:31:50 | schema-linking-baseline-qwen-lora | controller | DEBUG | controller.py:886 | Scheduled run 19 on workers (0,) for chunk 0
2026-05-22 22:31:50 | schema-linking-baseline-qwen-lora | worker_0 | DEBUG | worker.py:667 | Received task WorkerTask.TRAIN_VAL for run 19
2026-05-22 22:31:50 | schema-linking-baseline-qwen-lora | worker_0 | DEBUG | worker.py:205 | Received run_fit on worker for run 19 with chunk 0
2026-05-22 22:32:23 | schema-linking-baseline-qwen-lora | worker_0 | ERROR | worker.py:524 | Error during training for run 19: name 'SYSTEM_PROMPT' is not defined
2026-05-22 22:32:24 | schema-linking-baseline-qwen-lora | worker_0 | ERROR | worker.py:683 | Error while running run_fit for run 19 and chunk 0: name 'SYSTEM_PROMPT' is not defined
Traceback (most recent call last):

  File "<string>", line 1, in <module>
  File "/opt/conda/envs/cse234/lib/python3.12/multiprocessing/spawn.py", line 122, in spawn_main
    exitcode = _main(fd, parent_sentinel)
               │     │   └ 3
               │     └ 136
               └ <function _main at 0x7fa4ca672e80>
  File "/opt/conda/envs/cse234/lib/python3.12/multiprocessing/spawn.py", line 135, in _main
    return self._bootstrap(parent_sentinel)
           │    │          └ 3
           │    └ <function BaseProcess._bootstrap at 0x7fa4ca7611c0>
           └ <Process name='Process-6' parent=7079 started>
  File "/opt/conda/envs/cse234/lib/python3.12/multiprocessing/process.py", line 314, in _bootstrap
    self.run()
    │    └ <function BaseProcess.run at 0x7fa4ca760720>
    └ <Process name='Process-6' parent=7079 started>
  File "/opt/conda/envs/cse234/lib/python3.12/multiprocessing/process.py", line 108, in run
    self._target(*self._args, **self._kwargs)
    │    │        │    │        │    └ {}
    │    │        │    │        └ <Process name='Process-6' parent=7079 started>
    │    │        │    └ (0, <DictProxy object, typeid 'dict' at 0x7fa235704920>, <AcquirerProxy object, typeid 'Lock' at 0x7fa259264620>, <Event at 0...
    │    │        └ <Process name='Process-6' parent=7079 started>
    │    └ <function worker_process_target at 0x7fa477572700>
    └ <Process name='Process-6' parent=7079 started>
  File "/opt/conda/envs/cse234/lib/python3.12/site-packages/rapidfireai/fit/utils/worker_manager.py", line 44, in worker_process_target
    worker.serve_forever()
    │      └ <function Worker.serve_forever at 0x7fa235634360>
    └ <rapidfireai.fit.backend.worker.Worker object at 0x7fa4ca657650>
> File "/opt/conda/envs/cse234/lib/python3.12/site-packages/rapidfireai/fit/backend/worker.py", line 676, in serve_forever
    self.run_fit(
    │    └ <function Worker.run_fit at 0x7fa2356342c0>
    └ <rapidfireai.fit.backend.worker.Worker object at 0x7fa4ca657650>
  File "/opt/conda/envs/cse234/lib/python3.12/site-packages/rapidfireai/fit/backend/worker.py", line 354, in run_fit
    trainer_instance, base_model_name = create_trainer_instance(
                                        └ <function create_trainer_instance at 0x7fa25df68180>
  File "/opt/conda/envs/cse234/lib/python3.12/site-packages/rapidfireai/fit/ml/trainer.py", line 425, in create_trainer_instance
    _prepare_trainer_kwargs(
    └ <function _prepare_trainer_kwargs at 0x7fa25b597e20>
  File "/opt/conda/envs/cse234/lib/python3.12/site-packages/rapidfireai/fit/ml/trainer.py", line 662, in _prepare_trainer_kwargs
    train_dataset = train_dataset.map(
                    │             └ <function Dataset.map at 0x7fa260b037e0>
                    └ Dataset({
                          features: ['question_id', 'db_id', 'question', 'gold_sql', 'schema_links', 'user_prompt', 'assistant_response']...
  File "/opt/conda/envs/cse234/lib/python3.12/site-packages/datasets/arrow_dataset.py", line 575, in wrapper
    out: Union["Dataset", "DatasetDict"] = func(self, *args, **kwargs)
         │                                 │    │      │       └ {}
         │                                 │    │      └ (<function formatting_function at 0x7f9f41796700>,)
         │                                 │    └ Dataset({
         │                                 │          features: ['question_id', 'db_id', 'question', 'gold_sql', 'schema_links', 'user_prompt', 'assistant_response']...
         │                                 └ <function Dataset.map at 0x7fa260b03740>
         └ typing.Union
  File "/opt/conda/envs/cse234/lib/python3.12/site-packages/datasets/arrow_dataset.py", line 3633, in map
    for rank, done, content in Dataset._map_single(**unprocessed_kwargs):
        │     │     │          │       │             └ {'shard': Dataset({
        │     │     │          │       │                   features: ['question_id', 'db_id', 'question', 'gold_sql', 'schema_links', 'user_prompt', 'assistant_...
        │     │     │          │       └ <staticmethod(<function Dataset._map_single at 0x7fa260b03880>)>
        │     │     │          └ <class 'datasets.arrow_dataset.Dataset'>
        │     │     └ 0
        │     └ False
        └ None
  File "/opt/conda/envs/cse234/lib/python3.12/site-packages/datasets/arrow_dataset.py", line 3973, in _map_single
    for i, example in iter_outputs(shard_iterable):
                      │            └ <enumerate object at 0x7fa2340f7f60>
                      └ <function Dataset._map_single.<locals>.iter_outputs at 0x7f9f41797380>
  File "/opt/conda/envs/cse234/lib/python3.12/site-packages/datasets/arrow_dataset.py", line 3951, in iter_outputs
    yield i, apply_function(example, i, offset=offset)
          │  │              │        │         └ 0
          │  │              │        └ 0
          │  │              └ pyarrow.Table
          │  │                question_id: int64
          │  │                db_id: string
          │  │                question: string
          │  │                gold_sql: string
          │  │                schema_links: struct<ACC_EM_Chronic_Absentee...
          │  └ <function Dataset._map_single.<locals>.apply_function at 0x7f9f417971a0>
          └ 0
  File "/opt/conda/envs/cse234/lib/python3.12/site-packages/datasets/arrow_dataset.py", line 3872, in apply_function
    processed_inputs = function(*fn_args, *additional_args, **fn_kwargs)
                       │         │         │                  └ {}
                       │         │         └ ()
                       │         └ [{'question_id': 210, 'db_id': 'SBODemoUS-Service', 'question': "What is the renewal status of the contracts with the custome...
                       └ <function formatting_function at 0x7f9f41796700>

  File "/tmp/ipykernel_7079/4266756885.py", line 4, in formatting_function

NameError: name 'SYSTEM_PROMPT' is not defined
2026-05-22 22:32:25 | schema-linking-baseline-qwen-lora | controller-shm | WARNING | shm_manager.py:492 | Model '19' not found in shared memory during delete
2026-05-22 22:32:25 | schema-linking-baseline-qwen-lora | controller | ERROR | controller.py:788 | Run 19 has failed: name 'SYSTEM_PROMPT' is not definedTraceback (most recent call last):
  File "/opt/conda/envs/cse234/lib/python3.12/site-packages/rapidfireai/fit/backend/worker.py", line 676, in serve_forever
    self.run_fit(
  File "/opt/conda/envs/cse234/lib/python3.12/site-packages/rapidfireai/fit/backend/worker.py", line 354, in run_fit
    trainer_instance, base_model_name = create_trainer_instance(
                                        ^^^^^^^^^^^^^^^^^^^^^^^^
  File "/opt/conda/envs/cse234/lib/python3.12/site-packages/rapidfireai/fit/ml/trainer.py", line 425, in create_trainer_instance
    _prepare_trainer_kwargs(
  File "/opt/conda/envs/cse234/lib/python3.12/site-packages/rapidfireai/fit/ml/trainer.py", line 662, in _prepare_trainer_kwargs
    train_dataset = train_dataset.map(
                    ^^^^^^^^^^^^^^^^^^
  File "/opt/conda/envs/cse234/lib/python3.12/site-packages/datasets/arrow_dataset.py", line 575, in wrapper
    out: Union["Dataset", "DatasetDict"] = func(self, *args, **kwargs)
                                           ^^^^^^^^^^^^^^^^^^^^^^^^^^^
  File "/opt/conda/envs/cse234/lib/python3.12/site-packages/datasets/arrow_dataset.py", line 3633, in map
    for rank, done, content in Dataset._map_single(**unprocessed_kwargs):
                               ^^^^^^^^^^^^^^^^^^^^^^^^^^^^^^^^^^^^^^^^^
  File "/opt/conda/envs/cse234/lib/python3.12/site-packages/datasets/arrow_dataset.py", line 3973, in _map_single
    for i, example in iter_outputs(shard_iterable):
                      ^^^^^^^^^^^^^^^^^^^^^^^^^^^^
  File "/opt/conda/envs/cse234/lib/python3.12/site-packages/datasets/arrow_dataset.py", line 3951, in iter_outputs
    yield i, apply_function(example, i, offset=offset)
             ^^^^^^^^^^^^^^^^^^^^^^^^^^^^^^^^^^^^^^^^^
  File "/opt/conda/envs/cse234/lib/python3.12/site-packages/datasets/arrow_dataset.py", line 3872, in apply_function
    processed_inputs = function(*fn_args, *additional_args, **fn_kwargs)
                       ^^^^^^^^^^^^^^^^^^^^^^^^^^^^^^^^^^^^^^^^^^^^^^^^^
  File "/tmp/ipykernel_7079/4266756885.py", line 4, in formatting_function
NameError: name 'SYSTEM_PROMPT' is not defined

2026-05-22 22:32:25 | schema-linking-baseline-qwen-lora | controller | DEBUG | controller.py:789 | Removed run 19 from scheduler
2026-05-22 22:32:25 | schema-linking-baseline-qwen-lora | controller | DEBUG | controller.py:886 | Scheduled run 20 on workers (0,) for chunk 0
2026-05-22 22:32:26 | schema-linking-baseline-qwen-lora | worker_0 | DEBUG | worker.py:667 | Received task WorkerTask.TRAIN_VAL for run 20
2026-05-22 22:32:26 | schema-linking-baseline-qwen-lora | worker_0 | DEBUG | worker.py:205 | Received run_fit on worker for run 20 with chunk 0
2026-05-22 22:32:34 | schema-linking-baseline-qwen-lora | worker_0 | DEBUG | worker_manager.py:46 | Worker 0 interrupted
2026-05-22 22:32:34 | schema-linking-baseline-qwen-lora | worker_0 | INFO | worker_manager.py:50 | Worker 0 process exiting
2026-05-22 22:32:34 | schema-linking-baseline-qwen-lora | worker_0 | DEBUG | worker.py:712 | Worker 0 shutdown requested
2026-05-22 22:32:38 | schema-linking-baseline-qwen-lora | schema-linking-baseline-qwen-lora | INFO | experiment_utils.py:270 | Task Training and Validation cancelled
2026-05-22 22:32:38 | schema-linking-baseline-qwen-lora | schema-linking-baseline-qwen-lora | DEBUG | experiment_utils.py:271 | Reset experiment states and set current experiment task to idle
2026-05-22 22:33:31 | schema-linking-baseline-qwen-lora | schema-linking-baseline-qwen-lora | DEBUG | experiment_utils.py:271 | Reset experiment states and set current experiment task to idle
2026-05-22 22:33:31 | schema-linking-baseline-qwen-lora | experiment | INFO | experiment.py:104 | Experiment schema-linking-baseline-qwen-lora is currently running. Returning the same experiment object.
2026-05-22 22:33:31 | schema-linking-baseline-qwen-lora | experiment | INFO | experiment.py:106 | Running RapidFire AI version 0.15.2
2026-05-22 22:33:44 | schema-linking-baseline-qwen-lora | controller | DEBUG | controller.py:67 | Found 1 workers/GPUs.
2026-05-22 22:33:44 | schema-linking-baseline-qwen-lora | controller | INFO | metric_rfmetric_manager.py:55 | Initialized MLflowMetricLogger: rf_mlflow
2026-05-22 22:33:44 | schema-linking-baseline-qwen-lora | controller | DEBUG | controller.py:95 | Controller initialized
2026-05-22 22:33:44 | schema-linking-baseline-qwen-lora | controller | DEBUG | controller.py:594 | Set experiment task to Create Models.
2026-05-22 22:33:44 | schema-linking-baseline-qwen-lora | controller | DEBUG | controller.py:607 | Saved datasets to /home/duw003/rapidfireai/rapidfire_experiments/schema-linking-baseline-qwen-lora/datasets.dill
2026-05-22 22:33:44 | schema-linking-baseline-qwen-lora | controller | INFO | controller.py:613 | Set seed to 42
2026-05-22 22:33:45 | schema-linking-baseline-qwen-lora | controller | INFO | metric_rfmetric_manager.py:141 | Created MLflow run: 5b9e17c7886b46d18e4fb56bcf5707b5, 25
2026-05-22 22:33:45 | schema-linking-baseline-qwen-lora | controller | DEBUG | controller.py:200 | Populated MetricLogger with model config info for run 25.
2026-05-22 22:33:45 | schema-linking-baseline-qwen-lora | controller | INFO | metric_rfmetric_manager.py:141 | Created MLflow run: 9598061626674f48a65e89f22ea941cc, 26
2026-05-22 22:33:45 | schema-linking-baseline-qwen-lora | controller | DEBUG | controller.py:200 | Populated MetricLogger with model config info for run 26.
2026-05-22 22:33:45 | schema-linking-baseline-qwen-lora | controller | INFO | metric_rfmetric_manager.py:141 | Created MLflow run: 5e0ee22ca9ef41aa9aa472942f24d192, 27
2026-05-22 22:33:45 | schema-linking-baseline-qwen-lora | controller | DEBUG | controller.py:200 | Populated MetricLogger with model config info for run 27.
2026-05-22 22:33:45 | schema-linking-baseline-qwen-lora | controller | INFO | metric_rfmetric_manager.py:141 | Created MLflow run: 117bd8405739460aba8e3db6126b9c43, 28
2026-05-22 22:33:46 | schema-linking-baseline-qwen-lora | controller | DEBUG | controller.py:200 | Populated MetricLogger with model config info for run 28.
2026-05-22 22:33:46 | schema-linking-baseline-qwen-lora | controller | INFO | metric_rfmetric_manager.py:141 | Created MLflow run: 1af84fe427b8416c9799eb4b5165db9b, 29
2026-05-22 22:33:46 | schema-linking-baseline-qwen-lora | controller | DEBUG | controller.py:200 | Populated MetricLogger with model config info for run 29.
2026-05-22 22:33:46 | schema-linking-baseline-qwen-lora | controller | INFO | metric_rfmetric_manager.py:141 | Created MLflow run: 81e7dea46d224848b6b8b1a1890bfefa, 30
2026-05-22 22:33:46 | schema-linking-baseline-qwen-lora | controller | DEBUG | controller.py:200 | Populated MetricLogger with model config info for run 30.
2026-05-22 22:33:46 | schema-linking-baseline-qwen-lora | controller | INFO | metric_rfmetric_manager.py:141 | Created MLflow run: 3b3fc80fa23b429f98f85704068a8dcc, 31
2026-05-22 22:33:46 | schema-linking-baseline-qwen-lora | controller | DEBUG | controller.py:200 | Populated MetricLogger with model config info for run 31.
2026-05-22 22:33:46 | schema-linking-baseline-qwen-lora | controller | INFO | metric_rfmetric_manager.py:141 | Created MLflow run: c15a32fda1bd47f994ba41f5c3fceb65, 32
2026-05-22 22:33:47 | schema-linking-baseline-qwen-lora | controller | DEBUG | controller.py:200 | Populated MetricLogger with model config info for run 32.
2026-05-22 22:33:47 | schema-linking-baseline-qwen-lora | controller | INFO | controller.py:220 | Created 8 runs - 
{   25: {   'additional_kwargs.generation_config.do_sample': False,
            'additional_kwargs.generation_config.max_new_tokens': 256,
            'additional_kwargs.generation_config.repetition_penalty': 1.02,
            'additional_kwargs.generation_config.temperature': None,
            'additional_kwargs.generation_config.top_p': None,
            'model_kwargs.device_map': 'auto',
            'model_kwargs.use_cache': False,
            'model_name': 'Qwen/Qwen2.5-0.5B-Instruct',
            'model_type': 'causal_lm',
            'peft_params.bias': 'none',
            'peft_params.lora_alpha': 16,
            'peft_params.lora_dropout': 0.05,
            'peft_params.r': 8,
            'peft_params.target_modules': ['q_proj', 'v_proj'],
            'tokenizer': None,
            'tokenizer_kwargs': None,
            'trainer_type': 'SFT',
            'training_args.bf16': True,
            'training_args.eval_steps': 25,
            'training_args.eval_strategy': 'steps',
            'training_args.gradient_accumulation_steps': 8,
            'training_args.learning_rate': 0.0002,
            'training_args.logging_steps': 5,
            'training_args.lr_scheduler_type': 'linear',
            'training_args.num_train_epochs': 4,
            'training_args.per_device_eval_batch_size': 4,
            'training_args.per_device_train_batch_size': 4,
            'training_args.save_steps': 25},
    26: {   'additional_kwargs.generation_config.do_sample': False,
            'additional_kwargs.generation_config.max_new_tokens': 256,
            'additional_kwargs.generation_config.repetition_penalty': 1.02,
            'additional_kwargs.generation_config.temperature': None,
            'additional_kwargs.generation_config.top_p': None,
            'model_kwargs.device_map': 'auto',
            'model_kwargs.use_cache': False,
            'model_name': 'Qwen/Qwen2.5-0.5B-Instruct',
            'model_type': 'causal_lm',
            'peft_params.bias': 'none',
            'peft_params.lora_alpha': 32,
            'peft_params.lora_dropout': 0.05,
            'peft_params.r': 16,
            'peft_params.target_modules': ['q_proj', 'k_proj', 'v_proj', 'o_proj'],
            'tokenizer': None,
            'tokenizer_kwargs': None,
            'trainer_type': 'SFT',
            'training_args.bf16': True,
            'training_args.eval_steps': 25,
            'training_args.eval_strategy': 'steps',
            'training_args.gradient_accumulation_steps': 8,
            'training_args.learning_rate': 0.0002,
            'training_args.logging_steps': 5,
            'training_args.lr_scheduler_type': 'linear',
            'training_args.num_train_epochs': 4,
            'training_args.per_device_eval_batch_size': 4,
            'training_args.per_device_train_batch_size': 4,
            'training_args.save_steps': 25},
    27: {   'additional_kwargs.generation_config.do_sample': False,
            'additional_kwargs.generation_config.max_new_tokens': 256,
            'additional_kwargs.generation_config.repetition_penalty': 1.02,
            'additional_kwargs.generation_config.temperature': None,
            'additional_kwargs.generation_config.top_p': None,
            'model_kwargs.device_map': 'auto',
            'model_kwargs.use_cache': False,
            'model_name': 'Qwen/Qwen2.5-0.5B-Instruct',
            'model_type': 'causal_lm',
            'peft_params.bias': 'none',
            'peft_params.lora_alpha': 16,
            'peft_params.lora_dropout': 0.05,
            'peft_params.r': 8,
            'peft_params.target_modules': ['q_proj', 'v_proj'],
            'tokenizer': None,
            'tokenizer_kwargs': None,
            'trainer_type': 'SFT',
            'training_args.bf16': True,
            'training_args.eval_steps': 25,
            'training_args.eval_strategy': 'steps',
            'training_args.gradient_accumulation_steps': 8,
            'training_args.learning_rate': 0.0005,
            'training_args.logging_steps': 5,
            'training_args.lr_scheduler_type': 'cosine',
            'training_args.num_train_epochs': 4,
            'training_args.per_device_eval_batch_size': 1,
            'training_args.per_device_train_batch_size': 1,
            'training_args.save_steps': 25},
    28: {   'additional_kwargs.generation_config.do_sample': False,
            'additional_kwargs.generation_config.max_new_tokens': 256,
            'additional_kwargs.generation_config.repetition_penalty': 1.02,
            'additional_kwargs.generation_config.temperature': None,
            'additional_kwargs.generation_config.top_p': None,
            'model_kwargs.device_map': 'auto',
            'model_kwargs.use_cache': False,
            'model_name': 'Qwen/Qwen2.5-0.5B-Instruct',
            'model_type': 'causal_lm',
            'peft_params.bias': 'none',
            'peft_params.lora_alpha': 32,
            'peft_params.lora_dropout': 0.05,
            'peft_params.r': 16,
            'peft_params.target_modules': ['q_proj', 'k_proj', 'v_proj', 'o_proj'],
            'tokenizer': None,
            'tokenizer_kwargs': None,
            'trainer_type': 'SFT',
            'training_args.bf16': True,
            'training_args.eval_steps': 25,
            'training_args.eval_strategy': 'steps',
            'training_args.gradient_accumulation_steps': 8,
            'training_args.learning_rate': 0.0005,
            'training_args.logging_steps': 5,
            'training_args.lr_scheduler_type': 'cosine',
            'training_args.num_train_epochs': 4,
            'training_args.per_device_eval_batch_size': 1,
            'training_args.per_device_train_batch_size': 1,
            'training_args.save_steps': 25},
    29: {   'additional_kwargs.generation_config.do_sample': False,
            'additional_kwargs.generation_config.max_new_tokens': 256,
            'additional_kwargs.generation_config.repetition_penalty': 1.02,
            'additional_kwargs.generation_config.temperature': None,
            'additional_kwargs.generation_config.top_p': None,
            'model_kwargs.device_map': 'auto',
            'model_kwargs.use_cache': False,
            'model_name': 'Qwen/Qwen2.5-1.5B-Instruct',
            'model_type': 'causal_lm',
            'peft_params.bias': 'none',
            'peft_params.lora_alpha': 16,
            'peft_params.lora_dropout': 0.05,
            'peft_params.r': 8,
            'peft_params.target_modules': ['q_proj', 'v_proj'],
            'tokenizer': None,
            'tokenizer_kwargs': None,
            'trainer_type': 'SFT',
            'training_args.bf16': True,
            'training_args.eval_steps': 25,
            'training_args.eval_strategy': 'steps',
            'training_args.gradient_accumulation_steps': 8,
            'training_args.learning_rate': 0.0001,
            'training_args.logging_steps': 5,
            'training_args.lr_scheduler_type': 'cosine',
            'training_args.num_train_epochs': 3,
            'training_args.per_device_eval_batch_size': 1,
            'training_args.per_device_train_batch_size': 1,
            'training_args.save_steps': 25},
    30: {   'additional_kwargs.generation_config.do_sample': False,
            'additional_kwargs.generation_config.max_new_tokens': 256,
            'additional_kwargs.generation_config.repetition_penalty': 1.02,
            'additional_kwargs.generation_config.temperature': None,
            'additional_kwargs.generation_config.top_p': None,
            'model_kwargs.device_map': 'auto',
            'model_kwargs.use_cache': False,
            'model_name': 'Qwen/Qwen2.5-1.5B-Instruct',
            'model_type': 'causal_lm',
            'peft_params.bias': 'none',
            'peft_params.lora_alpha': 32,
            'peft_params.lora_dropout': 0.05,
            'peft_params.r': 16,
            'peft_params.target_modules': ['q_proj', 'k_proj', 'v_proj', 'o_proj'],
            'tokenizer': None,
            'tokenizer_kwargs': None,
            'trainer_type': 'SFT',
            'training_args.bf16': True,
            'training_args.eval_steps': 25,
            'training_args.eval_strategy': 'steps',
            'training_args.gradient_accumulation_steps': 8,
            'training_args.learning_rate': 0.0001,
            'training_args.logging_steps': 5,
            'training_args.lr_scheduler_type': 'cosine',
            'training_args.num_train_epochs': 3,
            'training_args.per_device_eval_batch_size': 1,
            'training_args.per_device_train_batch_size': 1,
            'training_args.save_steps': 25},
    31: {   'additional_kwargs.generation_config.do_sample': False,
            'additional_kwargs.generation_config.max_new_tokens': 256,
            'additional_kwargs.generation_config.repetition_penalty': 1.02,
            'additional_kwargs.generation_config.temperature': None,
            'additional_kwargs.generation_config.top_p': None,
            'model_kwargs.device_map': 'auto',
            'model_kwargs.use_cache': False,
            'model_name': 'Qwen/Qwen2.5-1.5B-Instruct',
            'model_type': 'causal_lm',
            'peft_params.bias': 'none',
            'peft_params.lora_alpha': 16,
            'peft_params.lora_dropout': 0.05,
            'peft_params.r': 8,
            'peft_params.target_modules': ['q_proj', 'v_proj'],
            'tokenizer': None,
            'tokenizer_kwargs': None,
            'trainer_type': 'SFT',
            'training_args.bf16': True,
            'training_args.eval_steps': 25,
            'training_args.eval_strategy': 'steps',
            'training_args.gradient_accumulation_steps': 8,
            'training_args.learning_rate': 0.0002,
            'training_args.logging_steps': 5,
            'training_args.lr_scheduler_type': 'cosine',
            'training_args.num_train_epochs': 3,
            'training_args.per_device_eval_batch_size': 1,
            'training_args.per_device_train_batch_size': 1,
            'training_args.save_steps': 25},
    32: {   'additional_kwargs.generation_config.do_sample': False,
            'additional_kwargs.generation_config.max_new_tokens': 256,
            'additional_kwargs.generation_config.repetition_penalty': 1.02,
            'additional_kwargs.generation_config.temperature': None,
            'additional_kwargs.generation_config.top_p': None,
            'model_kwargs.device_map': 'auto',
            'model_kwargs.use_cache': False,
            'model_name': 'Qwen/Qwen2.5-1.5B-Instruct',
            'model_type': 'causal_lm',
            'peft_params.bias': 'none',
            'peft_params.lora_alpha': 32,
            'peft_params.lora_dropout': 0.05,
            'peft_params.r': 16,
            'peft_params.target_modules': ['q_proj', 'k_proj', 'v_proj', 'o_proj'],
            'tokenizer': None,
            'tokenizer_kwargs': None,
            'trainer_type': 'SFT',
            'training_args.bf16': True,
            'training_args.eval_steps': 25,
            'training_args.eval_strategy': 'steps',
            'training_args.gradient_accumulation_steps': 8,
            'training_args.learning_rate': 0.0002,
            'training_args.logging_steps': 5,
            'training_args.lr_scheduler_type': 'cosine',
            'training_args.num_train_epochs': 3,
            'training_args.per_device_eval_batch_size': 1,
            'training_args.per_device_train_batch_size': 1,
            'training_args.save_steps': 25}}
2026-05-22 22:33:47 | schema-linking-baseline-qwen-lora | controller | DEBUG | controller.py:223 | Got 8 runs for Initial.
2026-05-22 22:33:47 | schema-linking-baseline-qwen-lora | controller | DEBUG | controller.py:227 | Completed creating models.
2026-05-22 22:33:47 | schema-linking-baseline-qwen-lora | controller | DEBUG | controller.py:625 | Created models.
2026-05-22 22:33:47 | schema-linking-baseline-qwen-lora | controller | DEBUG | controller.py:631 | Set experiment task to Training and Validation.
2026-05-22 22:33:47 | schema-linking-baseline-qwen-lora | worker_manager | DEBUG | worker_manager.py:115 | Creating 1 worker processes...
2026-05-22 22:33:47 | schema-linking-baseline-qwen-lora | worker_manager | DEBUG | worker_manager.py:121 | Starting worker processes in process group 10489
2026-05-22 22:33:47 | schema-linking-baseline-qwen-lora | worker_manager | DEBUG | worker_manager.py:149 | Started Worker 0 with PID 10744
2026-05-22 22:33:47 | schema-linking-baseline-qwen-lora | worker_manager | INFO | worker_manager.py:156 | Started 1 worker processes successfully
2026-05-22 22:33:47 | schema-linking-baseline-qwen-lora | controller | DEBUG | controller.py:637 | Created 1 workers.
2026-05-22 22:33:47 | schema-linking-baseline-qwen-lora | controller | INFO | controller.py:659 | Starting Training and Validation
2026-05-22 22:33:47 | schema-linking-baseline-qwen-lora | controller | DEBUG | controller.py:886 | Scheduled run 32 on workers (0,) for chunk 0
2026-05-22 22:34:01 | schema-linking-baseline-qwen-lora | worker_0 | DEBUG | worker.py:157 | Worker 0 initialized with PID 10744
2026-05-22 22:34:01 | schema-linking-baseline-qwen-lora | worker_0 | INFO | metric_rfmetric_manager.py:55 | Initialized MLflowMetricLogger: rf_mlflow
2026-05-22 22:34:01 | schema-linking-baseline-qwen-lora | worker_0 | DEBUG | worker.py:192 | Loaded datasets
2026-05-22 22:34:01 | schema-linking-baseline-qwen-lora | worker_0 | DEBUG | worker.py:667 | Received task WorkerTask.TRAIN_VAL for run 32
2026-05-22 22:34:01 | schema-linking-baseline-qwen-lora | worker_0 | DEBUG | worker.py:205 | Received run_fit on worker for run 32 with chunk 0
2026-05-22 22:35:44 | schema-linking-baseline-qwen-lora | worker-0-shm | DEBUG | shm_manager.py:348 | Saved base_model for run Qwen/Qwen2.5-1.5B-Instruct
2026-05-22 22:35:46 | schema-linking-baseline-qwen-lora | worker_0 | DEBUG | worker.py:378 | Beginning training for run 32 on chunk 0
2026-05-22 22:37:44 | schema-linking-baseline-qwen-lora | worker-0-shm | DEBUG | shm_manager.py:445 | Checkpoint update:0 in-place, 7 new
2026-05-22 22:37:44 | schema-linking-baseline-qwen-lora | worker_0 | DEBUG | worker.py:473 | Saved checkpoint to shared memory for run 32 on chunk 0
2026-05-22 22:37:46 | schema-linking-baseline-qwen-lora | controller | DEBUG | controller.py:714 | Completed task: run 32, chunk 0 on workers (0,)
2026-05-22 22:37:46 | schema-linking-baseline-qwen-lora | controller | INFO | controller.py:717 | Run 32 completed steps - 9/114
2026-05-22 22:37:47 | schema-linking-baseline-qwen-lora | controller | DEBUG | controller.py:886 | Scheduled run 26 on workers (0,) for chunk 0
2026-05-22 22:37:47 | schema-linking-baseline-qwen-lora | worker_0 | DEBUG | worker.py:667 | Received task WorkerTask.TRAIN_VAL for run 26
2026-05-22 22:37:47 | schema-linking-baseline-qwen-lora | worker_0 | DEBUG | worker.py:205 | Received run_fit on worker for run 26 with chunk 0
2026-05-22 22:38:53 | schema-linking-baseline-qwen-lora | worker-0-shm | DEBUG | shm_manager.py:348 | Saved base_model for run Qwen/Qwen2.5-0.5B-Instruct
2026-05-22 22:38:55 | schema-linking-baseline-qwen-lora | worker_0 | DEBUG | worker.py:378 | Beginning training for run 26 on chunk 0
2026-05-22 22:40:40 | schema-linking-baseline-qwen-lora | worker-0-shm | DEBUG | shm_manager.py:445 | Checkpoint update:0 in-place, 7 new
2026-05-22 22:40:41 | schema-linking-baseline-qwen-lora | worker_0 | DEBUG | worker.py:473 | Saved checkpoint to shared memory for run 26 on chunk 0
2026-05-22 22:40:42 | schema-linking-baseline-qwen-lora | controller | DEBUG | controller.py:714 | Completed task: run 26, chunk 0 on workers (0,)
2026-05-22 22:40:42 | schema-linking-baseline-qwen-lora | controller | INFO | controller.py:717 | Run 26 completed steps - 2/40
2026-05-22 22:40:43 | schema-linking-baseline-qwen-lora | controller | DEBUG | controller.py:886 | Scheduled run 27 on workers (0,) for chunk 0
2026-05-22 22:40:43 | schema-linking-baseline-qwen-lora | worker_0 | DEBUG | worker.py:667 | Received task WorkerTask.TRAIN_VAL for run 27
2026-05-22 22:40:43 | schema-linking-baseline-qwen-lora | worker_0 | DEBUG | worker.py:205 | Received run_fit on worker for run 27 with chunk 0
2026-05-22 22:41:19 | schema-linking-baseline-qwen-lora | worker_0 | DEBUG | worker.py:378 | Beginning training for run 27 on chunk 0
2026-05-22 22:41:28 | schema-linking-baseline-qwen-lora | worker-0-shm | DEBUG | shm_manager.py:445 | Checkpoint update:0 in-place, 7 new
2026-05-22 22:41:28 | schema-linking-baseline-qwen-lora | worker_0 | DEBUG | worker.py:473 | Saved checkpoint to shared memory for run 27 on chunk 0
2026-05-22 22:41:30 | schema-linking-baseline-qwen-lora | controller | DEBUG | controller.py:714 | Completed task: run 27, chunk 0 on workers (0,)
2026-05-22 22:41:30 | schema-linking-baseline-qwen-lora | controller | INFO | controller.py:717 | Run 27 completed steps - 9/152
2026-05-22 22:41:31 | schema-linking-baseline-qwen-lora | controller | DEBUG | controller.py:886 | Scheduled run 28 on workers (0,) for chunk 0
2026-05-22 22:41:31 | schema-linking-baseline-qwen-lora | worker_0 | DEBUG | worker.py:667 | Received task WorkerTask.TRAIN_VAL for run 28
2026-05-22 22:41:31 | schema-linking-baseline-qwen-lora | worker_0 | DEBUG | worker.py:205 | Received run_fit on worker for run 28 with chunk 0
2026-05-22 22:42:09 | schema-linking-baseline-qwen-lora | worker_0 | DEBUG | worker.py:378 | Beginning training for run 28 on chunk 0
2026-05-22 22:43:43 | schema-linking-baseline-qwen-lora | worker-0-shm | DEBUG | shm_manager.py:445 | Checkpoint update:0 in-place, 7 new
2026-05-22 22:43:43 | schema-linking-baseline-qwen-lora | worker_0 | DEBUG | worker.py:473 | Saved checkpoint to shared memory for run 28 on chunk 0
2026-05-22 22:43:45 | schema-linking-baseline-qwen-lora | controller | DEBUG | controller.py:714 | Completed task: run 28, chunk 0 on workers (0,)
2026-05-22 22:43:45 | schema-linking-baseline-qwen-lora | controller | INFO | controller.py:717 | Run 28 completed steps - 9/152
2026-05-22 22:43:45 | schema-linking-baseline-qwen-lora | controller | DEBUG | controller.py:886 | Scheduled run 30 on workers (0,) for chunk 0
2026-05-22 22:43:45 | schema-linking-baseline-qwen-lora | worker_0 | DEBUG | worker.py:667 | Received task WorkerTask.TRAIN_VAL for run 30
2026-05-22 22:43:45 | schema-linking-baseline-qwen-lora | worker_0 | DEBUG | worker.py:205 | Received run_fit on worker for run 30 with chunk 0
2026-05-22 22:44:25 | schema-linking-baseline-qwen-lora | worker_0 | DEBUG | worker.py:378 | Beginning training for run 30 on chunk 0
2026-05-22 22:46:34 | schema-linking-baseline-qwen-lora | worker-0-shm | DEBUG | shm_manager.py:445 | Checkpoint update:0 in-place, 7 new
2026-05-22 22:46:34 | schema-linking-baseline-qwen-lora | worker_0 | DEBUG | worker.py:473 | Saved checkpoint to shared memory for run 30 on chunk 0
2026-05-22 22:46:36 | schema-linking-baseline-qwen-lora | controller | DEBUG | controller.py:714 | Completed task: run 30, chunk 0 on workers (0,)
2026-05-22 22:46:36 | schema-linking-baseline-qwen-lora | controller | INFO | controller.py:717 | Run 30 completed steps - 9/114
2026-05-22 22:46:36 | schema-linking-baseline-qwen-lora | controller | DEBUG | controller.py:886 | Scheduled run 29 on workers (0,) for chunk 0
2026-05-22 22:46:37 | schema-linking-baseline-qwen-lora | worker_0 | DEBUG | worker.py:667 | Received task WorkerTask.TRAIN_VAL for run 29
2026-05-22 22:46:37 | schema-linking-baseline-qwen-lora | worker_0 | DEBUG | worker.py:205 | Received run_fit on worker for run 29 with chunk 0
2026-05-22 22:47:21 | schema-linking-baseline-qwen-lora | worker_0 | DEBUG | worker.py:378 | Beginning training for run 29 on chunk 0
2026-05-22 22:48:28 | schema-linking-baseline-qwen-lora | worker-0-shm | DEBUG | shm_manager.py:445 | Checkpoint update:0 in-place, 7 new
2026-05-22 22:48:28 | schema-linking-baseline-qwen-lora | worker_0 | DEBUG | worker.py:473 | Saved checkpoint to shared memory for run 29 on chunk 0
2026-05-22 22:48:30 | schema-linking-baseline-qwen-lora | controller | DEBUG | controller.py:714 | Completed task: run 29, chunk 0 on workers (0,)
2026-05-22 22:48:30 | schema-linking-baseline-qwen-lora | controller | INFO | controller.py:717 | Run 29 completed steps - 9/114
2026-05-22 22:48:30 | schema-linking-baseline-qwen-lora | controller | DEBUG | controller.py:886 | Scheduled run 25 on workers (0,) for chunk 0
2026-05-22 22:48:30 | schema-linking-baseline-qwen-lora | worker_0 | DEBUG | worker.py:667 | Received task WorkerTask.TRAIN_VAL for run 25
2026-05-22 22:48:30 | schema-linking-baseline-qwen-lora | worker_0 | DEBUG | worker.py:205 | Received run_fit on worker for run 25 with chunk 0
2026-05-22 22:49:11 | schema-linking-baseline-qwen-lora | worker_0 | DEBUG | worker.py:378 | Beginning training for run 25 on chunk 0
2026-05-22 22:49:21 | schema-linking-baseline-qwen-lora | worker-0-shm | DEBUG | shm_manager.py:445 | Checkpoint update:0 in-place, 7 new
2026-05-22 22:49:21 | schema-linking-baseline-qwen-lora | worker_0 | DEBUG | worker.py:473 | Saved checkpoint to shared memory for run 25 on chunk 0
2026-05-22 22:49:23 | schema-linking-baseline-qwen-lora | controller | DEBUG | controller.py:714 | Completed task: run 25, chunk 0 on workers (0,)
2026-05-22 22:49:23 | schema-linking-baseline-qwen-lora | controller | INFO | controller.py:717 | Run 25 completed steps - 2/40
2026-05-22 22:49:23 | schema-linking-baseline-qwen-lora | controller | DEBUG | controller.py:886 | Scheduled run 31 on workers (0,) for chunk 0
2026-05-22 22:49:24 | schema-linking-baseline-qwen-lora | worker_0 | DEBUG | worker.py:667 | Received task WorkerTask.TRAIN_VAL for run 31
2026-05-22 22:49:24 | schema-linking-baseline-qwen-lora | worker_0 | DEBUG | worker.py:205 | Received run_fit on worker for run 31 with chunk 0
2026-05-22 22:50:06 | schema-linking-baseline-qwen-lora | worker_0 | DEBUG | worker.py:378 | Beginning training for run 31 on chunk 0
2026-05-22 22:50:42 | schema-linking-baseline-qwen-lora | worker_0 | DEBUG | worker_manager.py:46 | Worker 0 interrupted
2026-05-22 22:50:42 | schema-linking-baseline-qwen-lora | worker_0 | INFO | worker_manager.py:50 | Worker 0 process exiting
2026-05-22 22:50:42 | schema-linking-baseline-qwen-lora | worker_0 | DEBUG | worker.py:712 | Worker 0 shutdown requested
2026-05-22 22:51:23 | schema-linking-baseline-qwen-lora | schema-linking-baseline-qwen-lora | INFO | experiment_utils.py:270 | Task Training and Validation cancelled
2026-05-22 22:51:23 | schema-linking-baseline-qwen-lora | schema-linking-baseline-qwen-lora | DEBUG | experiment_utils.py:271 | Reset experiment states and set current experiment task to idle
2026-05-22 22:51:23 | schema-linking-baseline-qwen-lora | schema-linking-baseline-qwen-lora | INFO | metric_rfmetric_manager.py:55 | Initialized MLflowMetricLogger: rf_mlflow
2026-05-22 22:51:23 | schema-linking-baseline-qwen-lora | schema-linking-baseline-qwen-lora | INFO | metric_mlflow_manager.py:133 | No active MLflow run to clear
2026-05-22 22:51:23 | schema-linking-baseline-qwen-lora | schema-linking-baseline-qwen-lora | INFO | experiment_utils.py:240 | Experiment schema-linking-baseline-qwen-lora ended
